idx,sheet_id,staged
1,dataset_1/IMG_20260320_153649.jpg,001.jpg
2,dataset_1/IMG_20260320_153652.jpg,002.jpg
3,dataset_1/IMG_20260320_153657.jpg,003.jpg
4,dataset_1/IMG_20260320_153658.jpg,004.jpg
5,dataset_1/IMG_20260320_153659.jpg,005.jpg
6,dataset_1/IMG_20260320_153702.jpg,006.jpg
7,dataset_1/IMG_20260320_153704.jpg,007.jpg
8,dataset_1/IMG_20260320_153705.jpg,008.jpg
9,dataset_1/IMG_20260320_153706.jpg,009.jpg
10,dataset_1/IMG_20260320_153707.jpg,010.jpg
11,dataset_1/IMG_20260320_153708.jpg,011.jpg
12,dataset_1/IMG_20260320_153710.jpg,012.jpg
13,dataset_1/IMG_20260320_153711.jpg,013.jpg
14,dataset_1/IMG_20260320_153712.jpg,014.jpg
15,dataset_1/IMG_20260320_153713.jpg,015.jpg
16,dataset_1/IMG_20260320_153715.jpg,016.jpg
17,dataset_1/IMG_20260320_153716.jpg,017.jpg
18,dataset_1/IMG_20260320_153717.jpg,018.jpg
19,dataset_1/IMG_20260320_153718.jpg,019.jpg
20,dataset_1/IMG_20260320_153719.jpg,020.jpg
21,dataset_1/IMG_20260320_153723.jpg,021.jpg
22,dataset_1/IMG_20260320_153724.jpg,022.jpg
23,dataset_1/IMG_20260320_153726.jpg,023.jpg
24,dataset_1/IMG_20260320_153727.jpg,024.jpg
25,dataset_1/IMG_20260320_153728.jpg,025.jpg
26,dataset_1/IMG_20260320_153730.jpg,026.jpg
27,dataset_1/IMG_20260320_153731.jpg,027.jpg
28,dataset_1/IMG_20260320_153732.jpg,028.jpg
29,dataset_1/IMG_20260320_153735.jpg,029.jpg
30,dataset_1/IMG_20260320_153736.jpg,030.jpg
31,dataset_1/IMG_20260320_153739.jpg,031.jpg
32,dataset_1/IMG_20260320_153740.jpg,032.jpg
33,dataset_1/IMG_20260320_153741.jpg,033.jpg
34,dataset_1/IMG_20260320_153742.jpg,034.jpg
35,dataset_1/IMG_20260320_153743.jpg,035.jpg
36,dataset_1/IMG_20260320_153744.jpg,036.jpg
37,dataset_1/IMG_20260320_153745.jpg,037.jpg
38,dataset_1/IMG_20260320_153747.jpg,038.jpg
39,dataset_1/IMG_20260320_153748.jpg,039.jpg
40,dataset_1/IMG_20260320_153749.jpg,040.jpg
41,dataset_1/IMG_20260320_153751.jpg,041.jpg
42,dataset_1/IMG_20260320_153752.jpg,042.jpg
43,dataset_1/IMG_20260320_153753.jpg,043.jpg
44,dataset_1/IMG_20260320_153754.jpg,044.jpg
45,dataset_1/IMG_20260320_153755.jpg,045.jpg
46,dataset_1/IMG_20260320_153757.jpg,046.jpg
47,dataset_1/IMG_20260320_153758.jpg,047.jpg
48,dataset_1/IMG_20260320_153759.jpg,048.jpg
49,dataset_2/z7860194615891_6c7a947b69e711bbbf2184b0521a53d8.jpg,049.jpg
50,dataset_2/z7860194615920_371055ed96fa209db7f1b3e40c913e12.jpg,050.jpg
51,dataset_2/z7860194647857_1f746dff529f5881c245e9b7961d8eaf.jpg,051.jpg
52,dataset_2/z7860194647867_b50ee5c7600525d9b5414e3ed951ab98.jpg,052.jpg
53,dataset_2/z7860194647910_38ee7897d49f218e6e3bf6f17d1a92bc.jpg,053.jpg
54,dataset_2/z7860194647990_b80d189e0e775900d5ddb4a17e0bf479.jpg,054.jpg
55,dataset_2/z7860194662074_1cbeaf415557dd13bc0d49f3bf121f8c.jpg,055.jpg
56,dataset_2/z7860194662187_2fa3fdedb7d0f9bb5d2abc43692c92bf.jpg,056.jpg
57,dataset_2/z7860194662859_ee44ec419bef7eb7f89551b0d99c180c.jpg,057.jpg
58,dataset_2/z7860194662867_d43bbc3ce58e3cce17ded167a6ed8546.jpg,058.jpg
59,dataset_2/z7860194662909_610219d44349f821db6c516635779498.jpg,059.jpg
60,dataset_2/z7860194663014_4f94a974f7f81786f75963469bf4082e.jpg,060.jpg
61,dataset_2/z7860194663198_e6c53c4688840a76e27bd9d29d4b74ba.jpg,061.jpg
62,dataset_2/z7860194663224_a155cf0f212ba8aadfeb34850a3390be.jpg,062.jpg
63,dataset_2/z7860194688722_4277271168fc77f908b5560a192fc03f.jpg,063.jpg
64,dataset_2/z7860194688896_cec03033a92119fb5cb2ba52bbb90e5d.jpg,064.jpg
65,dataset_2/z7860194688910_45e1b04b702d6180c47657fb4cdd8aab.jpg,065.jpg
66,dataset_2/z7860194689056_bf41041efee379327f52eb4640879ddf.jpg,066.jpg
67,dataset_2/z7860194703595_b4ebad0b91f6b085dfacf9f9b1bca318.jpg,067.jpg
68,dataset_2/z7860194703605_89f55005c3c55f36d55a34db74210231.jpg,068.jpg
69,dataset_2/z7860194703718_8b2e40752ec4a063b04dc0fd4ec79dce.jpg,069.jpg
70,dataset_2/z7860194703731_6c8ba30a134ff096821127703b2f230e.jpg,070.jpg
71,dataset_2/z7860194703754_805c506a90660a689413c55a6681934d.jpg,071.jpg
72,dataset_2/z7860194703878_1f0593c23e55588e5b03d775ec9f7d70.jpg,072.jpg
73,dataset_2/z7860194703912_0b71f0fc96c1b888f5cef22dbb983607.jpg,073.jpg
74,dataset_2/z7860194707184_4d621c5b2b262b5b9e088737bc0ecf91.jpg,074.jpg
75,dataset_2/z7860194707198_70fc5212609eda6776cc88ad476086c6.jpg,075.jpg
76,dataset_2/z7860194707225_480b355ad3e81b8ccd3740a4f6392eb1.jpg,076.jpg
77,dataset_2/z7860194707328_3f3d34247875345969fe8578e2bd0f14.jpg,077.jpg
78,dataset_2/z7860194735905_0b4ea65c01919d24c4a0c34ac3ed213a.jpg,078.jpg
79,dataset_2/z7860194735929_18a01ff68ec7fa657596a9b7b6a89aa1.jpg,079.jpg
80,dataset_2/z7860194736048_3792d02108516b35295f82c8a7bf83e5.jpg,080.jpg
81,dataset_2/z7860194736053_9fde5c0c9f9e921c9bb48b1929c0af99.jpg,081.jpg
82,dataset_2/z7860194736223_d9bb50016f85b7fd70976c2ab7909190.jpg,082.jpg
83,dataset_2/z7860194736249_a94940983ce94b64b5655578dfb5d7dd.jpg,083.jpg
84,dataset_2/z7860194751570_94d26ebcbf5b389b460343da615b671d.jpg,084.jpg
85,dataset_2/z7860194751617_e0d63b176dca6d5901be1a723efcd2f7.jpg,085.jpg
86,dataset_2/z7860194751736_c65768c6f5cad9161c3454f2ce2ee817.jpg,086.jpg
87,dataset_2/z7860194751762_76f48260f0226b8567a1dc4b3f576417.jpg,087.jpg
88,dataset_2/z7860194756436_7825715b7c9812903af6d4998d064314.jpg,088.jpg
89,dataset_2/z7860194756479_04c32aed3a21a7500915bfc8a085c7b9.jpg,089.jpg
90,dataset_2/z7860194756502_1f871d6e460e4bfe5b811c6023ea504b.jpg,090.jpg
91,dataset_2/z7860194756654_6c6e014af72d44d29cdd8428c81625c6.jpg,091.jpg
92,dataset_2/z7860194785451_c1643d9a178eea0837c6d36498d239cd.jpg,092.jpg
93,dataset_2/z7860194785473_006804133607e596cb2f6eb48491f169.jpg,093.jpg
94,dataset_2/z7860194785511_38b4974149f6001fdc046b61e9242f00.jpg,094.jpg
95,dataset_2/z7860249581013_81f1e915b17799948dd7a6b829002c85.jpg,095.jpg
96,dataset_3/z7860224931462_89dc8e39fd2e232f76af54839e9312b9.jpg,096.jpg
97,dataset_3/z7860224951682_974043c5753cee1a27463d45d8727b42.jpg,097.jpg
98,dataset_3/z7860224951725_c701a3049ba1e152c55946a86c99f047.jpg,098.jpg
99,dataset_3/z7860224951904_0ec34dbbc533124d45aeb8396866660c.jpg,099.jpg
100,dataset_3/z7860224951915_f130524de5cd7d9ea76d117a77eb63a4.jpg,100.jpg
101,dataset_3/z7860224951941_490e979af8162629e6111f5638164b34.jpg,101.jpg
102,dataset_3/z7860224954471_a078a868f6a72c61f54212f13be08b20.jpg,102.jpg
103,dataset_3/z7860224954511_d4cc8e313431598f3d5b8652ea35c6ad.jpg,103.jpg
104,dataset_3/z7860224954524_7975aed381d30aa1839432840ded51db.jpg,104.jpg
105,dataset_3/z7860224954715_651c6dfb65ec1263572e19c53005bb6e.jpg,105.jpg
106,dataset_3/z7860224979350_1de82686fbccc1a76c68daa90ac032e2.jpg,106.jpg
107,dataset_3/z7860224979394_abbdb41a4a2c1f084008bed0f96c7bfd.jpg,107.jpg
108,dataset_3/z7860224979591_e7a2aea02572b00e28605ff6980d2bf6.jpg,108.jpg
109,dataset_3/z7860224995197_38e9e451c490a4c0c1f91f1ec510574e.jpg,109.jpg
110,dataset_3/z7860224995215_3ba31537ada56d76982d140bf2ff1069.jpg,110.jpg
111,dataset_3/z7860224995253_4b34759b84edc43dd4204647e6e36699.jpg,111.jpg
112,dataset_3/z7860225000725_5620981657d7ba5f13617b2502b4f2d2.jpg,112.jpg
113,dataset_3/z7860225000774_85a2fc42a3fc942baf00f626be07edc4.jpg,113.jpg
114,dataset_3/z7860225000926_ec944a4a61eec59bb0b3e79a39e8b864.jpg,114.jpg
115,dataset_3/z7860225000951_2e41afb3367788c65ddd9f9aa3506e6c.jpg,115.jpg
116,dataset_3/z7860225000962_8efff91f1548b68a8e280e2ec4fd4adb.jpg,116.jpg
117,dataset_3/z7860225025214_ffbf23811cdcf10040972824918df874.jpg,117.jpg
118,dataset_3/z7860225025239_2ced5a42b0512569cdfb66814477b8d4.jpg,118.jpg
119,dataset_3/z7860225025260_3e0ad63d1040a175063820a8f42e4dd2.jpg,119.jpg
120,dataset_3/z7860225025400_ca2c560ab1b3052cb907f72c0aab8886.jpg,120.jpg
121,dataset_3/z7860225025423_c71be07ff9c04680093cb4fdf1ed149b.jpg,121.jpg
122,dataset_3/z7860225040840_b46bbf2e85b152b8c465726bb3720719.jpg,122.jpg
123,dataset_3/z7860225040871_e3abe445f49e4b01081abed5e7041124.jpg,123.jpg
124,dataset_3/z7860225040975_a0b407e64979bac3c00c6269ab1c7f89.jpg,124.jpg
125,dataset_3/z7860225041000_551ec06e2a9786b1f32a5162840068bb.jpg,125.jpg
126,dataset_3/z7860225042550_71f31da1e56f87fa819f12068a25f464.jpg,126.jpg
127,dataset_3/z7860225042579_04c66e63fd5671b3c73e1d5fc6709fd8.jpg,127.jpg
128,dataset_3/z7860225042677_6f988664d0a8bb929963bb0db706846f.jpg,128.jpg
129,dataset_3/z7860225042722_448a1825a36ecf55fc7563bf388fe48e.jpg,129.jpg
130,dataset_3/z7860225070315_1ccd3a4ad54751f4c48ddca0b94d6a70.jpg,130.jpg
131,dataset_4/z7860288253917_322220afda88062f67c125225020772a.jpg,131.jpg
132,dataset_4/z7860288267371_c346c24597e1307f486619f96cd14153.jpg,132.jpg
133,dataset_4/z7860288267372_a643df10624aca1bef7b5901903a116e.jpg,133.jpg
134,dataset_4/z7860288267373_3316756dd90a5bbbbe1764b97ff6076d.jpg,134.jpg
135,dataset_4/z7860288269439_04cdf2c9419c9d5151e69ef7326f8fb8.jpg,135.jpg
136,dataset_4/z7860288270135_013bd2940d1b050555871a1f356c0742.jpg,136.jpg
137,dataset_4/z7860288271300_24a5b9b160c3e16e565b82353c895aad.jpg,137.jpg
138,dataset_4/z7860288273828_0b871ded9365ccd9df67ecae77690f5d.jpg,138.jpg
139,dataset_4/z7860288274435_4eaaa2222409a68c2df979e2ba327ab4.jpg,139.jpg
140,dataset_4/z7860288278344_5e47534316e7e9a26fc8f9ea0efd3c47.jpg,140.jpg
141,dataset_4/z7860288278634_2d391b68ba1a26860e8d98ed4ae26cb5.jpg,141.jpg
142,dataset_4/z7860288282847_1c42fc632f3eefe53427b31a00850f26.jpg,142.jpg
143,dataset_4/z7860288287524_42357933042d0ce27fdb66535dc9dd59.jpg,143.jpg
144,dataset_4/z7860288297558_3c5e2fe3863da22f26a322519f1d7435.jpg,144.jpg
145,dataset_4/z7860288297581_6b75fe13e0dc6e0dfb38e418963af09b.jpg,145.jpg
146,dataset_4/z7860288297663_f42d1bdd175e489865454785138122f1.jpg,146.jpg
147,dataset_4/z7860288299162_d5d1f39b40cc8d40b65fb3de75e7570e.jpg,147.jpg
148,dataset_4/z7860288299263_be5193f7cb30f65934ec58e5358d9855.jpg,148.jpg
149,dataset_4/z7860288308656_de4fbdb0b7bcd2c056b84d8641183e7e.jpg,149.jpg
150,dataset_4/z7860288308791_58b49326b8595625ac907b6eafe229f8.jpg,150.jpg
151,dataset_4/z7860288312716_c2c1762fb4c92ff80f26fd4fa8b6426d.jpg,151.jpg
152,dataset_4/z7860288313144_05ca26a2c9a13681f6b45049ce339f52.jpg,152.jpg
153,dataset_4/z7860288316577_5a068f577bea81fc78da9b445c7db6fc.jpg,153.jpg
154,dataset_4/z7860288317350_70b592a0522b6cdbdea46e0c2681c733.jpg,154.jpg
155,dataset_4/z7860288318282_9c22c80ebf77caa7fbb628dd562f2821.jpg,155.jpg
156,dataset_4/z7860288424568_1f9d946f97d2515194a4ac0d178b523f.jpg,156.jpg
157,dataset_4/z7860288456759_d2d5cb32f1854f6ce0c66b229725ff13.jpg,157.jpg
158,dataset_4/z7860288457026_b0f96da80f3d104fff02bf57a096780c.jpg,158.jpg
159,dataset_4/z7860288457551_17c7cd6b9f9738ec20ba6df28eac328a.jpg,159.jpg
160,dataset_4/z7860288461447_d6ae42e289464012712fcedb682261b2.jpg,160.jpg
161,dataset_4/z7860288468036_2aef5ac15859d10d344eac77bca35d9a.jpg,161.jpg
162,dataset_4/z7860288473879_f2a8b5e27238858096c1db8773277f18.jpg,162.jpg
163,dataset_4/z7860288474008_18e0b247577f941571bcecbdb2350eba.jpg,163.jpg
164,dataset_4/z7860288475727_8c9c96fa94cac3dcdf26eb4d7a572767.jpg,164.jpg
165,dataset_4/z7860288476808_68cd3515da34c712feea52bd80e80e4e.jpg,165.jpg
166,dataset_4/z7860288477069_e0f6327c3882041793faf59b6146016d.jpg,166.jpg
167,dataset_4/z7860288481730_07eda3d61fbf6f5dfbf5cccbd1eba402.jpg,167.jpg
168,dataset_4/z7860288483975_e050a9d35c12a709f49d0e52fc8044b9.jpg,168.jpg
169,dataset_4/z7860288488442_4417335a9a27433d5191072f53fe8cab.jpg,169.jpg
170,dataset_4/z7860288491946_4ed0d839dc0f11400b6926fd3485ff7c.jpg,170.jpg
171,dataset_4/z7860288556170_cec32ee981005eac5ff2531400d0e285.jpg,171.jpg
172,dataset_4/z7860288557885_769e59a1d2fe1abd79a8189982d8bea3.jpg,172.jpg
173,dataset_4/z7860288562125_4526989c04e41b059c546496d44c5f56.jpg,173.jpg
174,dataset_4/z7860288564084_931b717d26a5a20c111dbf0545267e44.jpg,174.jpg
175,dataset_4/z7860288567703_7dad8b4697d5fb42938a652e1aea160d.jpg,175.jpg
176,dataset_5/'.jpg,176.jpg
177,dataset_5/z7858180007487_7e0a1653b2ada31c70d8ae7ed015c905.jpg,177.jpg
178,dataset_5/z7858180011103_45b8366b6bbbc36ee5c0f528c4362b7b.jpg,178.jpg
179,dataset_5/z7858180017943_37fdfcf07286ddadf6ed8c66f23e4d5a.jpg,179.jpg
