TIMESTAMP,DEVICE,OS_VERSION,DURATION_MS,MEMORY_USED_MB
2026-05-28T00:40:54.057Z,"23090RA98G","15",142,0.37
2026-05-28T00:40:54.210Z,"23090RA98G","15",140,0.37
2026-05-28T00:40:54.349Z,"23090RA98G","15",120,0.30
2026-05-28T00:40:54.487Z,"23090RA98G","15",123,0.50
2026-05-28T00:40:54.638Z,"23090RA98G","15",134,0.23
2026-05-28T00:40:54.745Z,"23090RA98G","15",86,0.26
2026-05-28T00:40:54.865Z,"23090RA98G","15",97,0.27
2026-05-28T00:40:54.968Z,"23090RA98G","15",89,0.53
2026-05-28T00:40:55.071Z,"23090RA98G","15",90,0.29
2026-05-28T00:40:55.179Z,"23090RA98G","15",93,0.29
2026-05-28T00:40:55.309Z,"23090RA98G","15",113,0.00
2026-05-28T00:40:55.412Z,"23090RA98G","15",88,0.59
2026-05-28T00:40:55.530Z,"23090RA98G","15",93,0.30
2026-05-28T00:40:55.641Z,"23090RA98G","15",89,0.00
2026-05-28T00:40:55.770Z,"23090RA98G","15",92,0.38
2026-05-28T00:40:55.885Z,"23090RA98G","15",91,0.50
2026-05-28T00:40:55.991Z,"23090RA98G","15",86,0.00
2026-05-28T00:40:56.118Z,"23090RA98G","15",92,0.22
2026-05-28T00:40:56.239Z,"23090RA98G","15",96,0.33
2026-05-28T00:40:56.383Z,"23090RA98G","15",125,0.00
2026-05-28T00:40:56.522Z,"23090RA98G","15",86,0.19
2026-05-28T00:40:56.642Z,"23090RA98G","15",100,0.27
2026-05-28T00:40:56.760Z,"23090RA98G","15",89,0.00
2026-05-28T00:40:56.870Z,"23090RA98G","15",87,0.36
2026-05-28T00:40:56.959Z,"23090RA98G","15",72,0.46
2026-05-28T00:40:57.068Z,"23090RA98G","15",93,0.00
2026-05-28T00:40:57.178Z,"23090RA98G","15",85,0.33
2026-05-28T00:40:57.286Z,"23090RA98G","15",89,0.29
2026-05-28T00:40:57.404Z,"23090RA98G","15",95,0.00
2026-05-28T00:40:57.496Z,"23090RA98G","15",73,0.23
2026-05-28T00:40:57.600Z,"23090RA98G","15",89,0.23
2026-05-28T00:40:57.710Z,"23090RA98G","15",95,0.00
2026-05-28T00:40:57.803Z,"23090RA98G","15",75,0.26
2026-05-28T00:40:57.886Z,"23090RA98G","15",68,0.23
2026-05-28T00:40:58.000Z,"23090RA98G","15",94,0.00
2026-05-28T00:40:58.089Z,"23090RA98G","15",68,0.26
2026-05-28T00:40:58.174Z,"23090RA98G","15",69,0.22
2026-05-28T00:40:58.265Z,"23090RA98G","15",70,0.00
2026-05-28T00:40:58.388Z,"23090RA98G","15",97,0.27
2026-05-28T00:40:58.495Z,"23090RA98G","15",91,0.53
2026-05-28T00:40:58.611Z,"23090RA98G","15",97,0.00
2026-05-28T00:40:58.743Z,"23090RA98G","15",94,0.35
2026-05-28T00:40:58.846Z,"23090RA98G","15",79,0.30
2026-05-28T00:40:58.964Z,"23090RA98G","15",92,0.00
2026-05-28T00:40:59.060Z,"23090RA98G","15",68,0.35
2026-05-28T00:40:59.151Z,"23090RA98G","15",75,0.39
2026-05-28T00:40:59.245Z,"23090RA98G","15",78,0.00
2026-05-28T00:40:59.340Z,"23090RA98G","15",70,0.32
2026-05-28T00:40:59.429Z,"23090RA98G","15",72,0.80
2026-05-28T00:40:59.535Z,"23090RA98G","15",85,0.00
2026-05-28T00:40:59.635Z,"23090RA98G","15",77,0.29
2026-05-28T00:40:59.724Z,"23090RA98G","15",75,0.51
2026-05-28T00:40:59.820Z,"23090RA98G","15",79,0.00
2026-05-28T00:40:59.932Z,"23090RA98G","15",89,0.66
2026-05-28T00:41:00.041Z,"23090RA98G","15",88,0.48
2026-05-28T00:41:00.142Z,"23090RA98G","15",78,0.00
2026-05-28T00:41:00.274Z,"23090RA98G","15",96,0.38
2026-05-28T00:41:00.381Z,"23090RA98G","15",83,0.36
2026-05-28T00:41:00.502Z,"23090RA98G","15",96,0.00
2026-05-28T00:41:00.621Z,"23090RA98G","15",93,0.25
2026-05-28T00:41:00.732Z,"23090RA98G","15",89,0.42
2026-05-28T00:41:00.847Z,"23090RA98G","15",93,0.00
2026-05-28T00:41:00.966Z,"23090RA98G","15",90,0.62
2026-05-28T00:41:01.088Z,"23090RA98G","15",97,0.35
2026-05-28T00:41:01.206Z,"23090RA98G","15",95,0.00
2026-05-28T00:41:01.323Z,"23090RA98G","15",90,0.35
2026-05-28T00:41:01.438Z,"23090RA98G","15",90,0.52
2026-05-28T00:41:01.559Z,"23090RA98G","15",93,0.00
2026-05-28T00:41:01.688Z,"23090RA98G","15",90,0.39
2026-05-28T00:41:01.792Z,"23090RA98G","15",79,0.32
2026-05-28T00:41:01.899Z,"23090RA98G","15",85,0.00
2026-05-28T00:41:02.016Z,"23090RA98G","15",88,0.35
2026-05-28T00:41:02.120Z,"23090RA98G","15",83,0.36
2026-05-28T00:41:02.237Z,"23090RA98G","15",91,0.00
2026-05-28T00:41:02.358Z,"23090RA98G","15",84,0.38
2026-05-28T00:41:02.460Z,"23090RA98G","15",79,0.48
2026-05-28T00:41:02.568Z,"23090RA98G","15",81,0.00
2026-05-28T00:41:02.692Z,"23090RA98G","15",88,0.33
2026-05-28T00:41:02.796Z,"23090RA98G","15",77,0.33
2026-05-28T00:41:02.911Z,"23090RA98G","15",90,0.00
2026-05-28T00:41:03.016Z,"23090RA98G","15",79,0.32
2026-05-28T00:41:03.125Z,"23090RA98G","15",88,0.29
2026-05-28T00:41:03.241Z,"23090RA98G","15",93,0.00
2026-05-28T00:41:03.356Z,"23090RA98G","15",88,0.35
2026-05-28T00:41:03.465Z,"23090RA98G","15",83,0.52
2026-05-28T00:41:03.580Z,"23090RA98G","15",85,0.00
2026-05-28T00:41:03.703Z,"23090RA98G","15",84,0.35
2026-05-28T00:41:03.809Z,"23090RA98G","15",84,0.29
2026-05-28T00:41:03.927Z,"23090RA98G","15",95,0.00
2026-05-28T00:41:04.031Z,"23090RA98G","15",81,0.32
2026-05-28T00:41:04.141Z,"23090RA98G","15",89,0.32
2026-05-28T00:41:04.245Z,"23090RA98G","15",83,0.00
2026-05-28T00:41:04.360Z,"23090RA98G","15",82,0.35
2026-05-28T00:41:04.460Z,"23090RA98G","15",80,0.63
2026-05-28T00:41:04.573Z,"23090RA98G","15",93,0.00
2026-05-28T00:41:04.684Z,"23090RA98G","15",85,0.25
2026-05-28T00:41:04.788Z,"23090RA98G","15",80,0.25
2026-05-28T00:41:04.904Z,"23090RA98G","15",89,0.00
2026-05-28T00:41:05.019Z,"23090RA98G","15",92,0.59
2026-05-28T00:41:05.128Z,"23090RA98G","15",82,0.35
2026-05-28T00:41:05.230Z,"23090RA98G","15",79,0.00
2026-05-28T00:41:05.349Z,"23090RA98G","15",87,0.38
2026-05-28T00:41:05.456Z,"23090RA98G","15",88,0.66
2026-05-28T00:41:05.567Z,"23090RA98G","15",90,0.00
2026-05-28T00:41:05.674Z,"23090RA98G","15",81,0.45
2026-05-28T00:41:05.785Z,"23090RA98G","15",85,0.38
2026-05-28T00:41:05.906Z,"23090RA98G","15",96,0.00
2026-05-28T00:41:06.057Z,"23090RA98G","15",104,0.35
2026-05-28T00:41:06.157Z,"23090RA98G","15",81,0.39
2026-05-28T00:41:06.275Z,"23090RA98G","15",100,0.00
2026-05-28T00:41:06.388Z,"23090RA98G","15",90,0.45
2026-05-28T00:41:06.498Z,"23090RA98G","15",91,0.00
2026-05-28T00:41:06.606Z,"23090RA98G","15",84,0.41
2026-05-28T00:41:06.719Z,"23090RA98G","15",92,0.32
2026-05-28T00:41:06.841Z,"23090RA98G","15",101,0.00
2026-05-28T00:41:06.951Z,"23090RA98G","15",89,0.58
2026-05-28T00:41:07.053Z,"23090RA98G","15",79,0.39
2026-05-28T00:41:07.159Z,"23090RA98G","15",85,0.00
2026-05-28T00:41:07.272Z,"23090RA98G","15",80,0.38
2026-05-28T00:41:07.378Z,"23090RA98G","15",84,0.36
2026-05-28T00:41:07.486Z,"23090RA98G","15",87,0.00
2026-05-28T00:41:07.595Z,"23090RA98G","15",79,0.35
2026-05-28T00:41:07.708Z,"23090RA98G","15",91,0.35
2026-05-28T00:41:07.821Z,"23090RA98G","15",89,0.00
2026-05-28T00:41:07.939Z,"23090RA98G","15",87,0.41
2026-05-28T00:41:08.048Z,"23090RA98G","15",87,0.38
2026-05-28T00:41:08.171Z,"23090RA98G","15",98,0.00
2026-05-28T00:41:08.316Z,"23090RA98G","15",121,0.38
2026-05-28T00:41:08.424Z,"23090RA98G","15",88,0.33
2026-05-28T00:41:08.559Z,"23090RA98G","15",111,0.00
2026-05-28T00:41:08.666Z,"23090RA98G","15",83,0.35
2026-05-28T00:41:08.774Z,"23090RA98G","15",87,0.42
2026-05-28T00:41:08.882Z,"23090RA98G","15",88,0.00
2026-05-28T00:41:08.999Z,"23090RA98G","15",86,0.66
2026-05-28T00:41:09.107Z,"23090RA98G","15",86,0.42
2026-05-28T00:41:09.221Z,"23090RA98G","15",88,0.00
2026-05-28T00:41:09.334Z,"23090RA98G","15",85,0.51
2026-05-28T00:41:09.440Z,"23090RA98G","15",82,0.51
2026-05-28T00:41:09.548Z,"23090RA98G","15",86,0.00
2026-05-28T00:41:09.658Z,"23090RA98G","15",86,0.51
2026-05-28T00:41:09.768Z,"23090RA98G","15",87,0.48
2026-05-28T00:41:09.882Z,"23090RA98G","15",89,0.00
2026-05-28T00:41:10.002Z,"23090RA98G","15",90,0.77
2026-05-28T00:41:10.116Z,"23090RA98G","15",88,0.48
2026-05-28T00:41:10.226Z,"23090RA98G","15",85,0.00
2026-05-28T00:41:10.341Z,"23090RA98G","15",86,0.54
2026-05-28T00:41:10.450Z,"23090RA98G","15",86,0.51
2026-05-28T00:41:10.574Z,"23090RA98G","15",95,0.00
2026-05-28T00:41:10.685Z,"23090RA98G","15",81,0.41
2026-05-28T00:41:10.788Z,"23090RA98G","15",80,0.44
2026-05-28T00:41:10.907Z,"23090RA98G","15",96,0.00
2026-05-28T00:41:11.026Z,"23090RA98G","15",89,0.77
2026-05-28T00:41:11.146Z,"23090RA98G","15",98,0.00
2026-05-28T00:41:11.259Z,"23090RA98G","15",87,0.48
2026-05-28T00:41:11.376Z,"23090RA98G","15",93,0.52
2026-05-28T00:41:11.490Z,"23090RA98G","15",92,0.00
2026-05-28T00:41:11.596Z,"23090RA98G","15",82,0.38
2026-05-28T00:41:11.706Z,"23090RA98G","15",86,0.41
2026-05-28T00:41:11.820Z,"23090RA98G","15",85,0.00
2026-05-28T00:41:11.936Z,"23090RA98G","15",83,0.48
2026-05-28T00:41:12.054Z,"23090RA98G","15",92,0.74
2026-05-28T00:41:12.180Z,"23090RA98G","15",103,0.00
2026-05-28T00:41:12.298Z,"23090RA98G","15",95,0.54
2026-05-28T00:41:12.405Z,"23090RA98G","15",84,0.48
2026-05-28T00:41:12.516Z,"23090RA98G","15",86,0.00
2026-05-28T00:41:12.633Z,"23090RA98G","15",86,0.52
2026-05-28T00:41:12.742Z,"23090RA98G","15",85,0.48
2026-05-28T00:41:12.865Z,"23090RA98G","15",93,0.00
2026-05-28T00:41:12.982Z,"23090RA98G","15",87,0.77
2026-05-28T00:41:13.093Z,"23090RA98G","15",85,0.52
2026-05-28T00:41:13.218Z,"23090RA98G","15",99,0.00
2026-05-28T00:41:13.329Z,"23090RA98G","15",79,0.41
2026-05-28T00:41:13.437Z,"23090RA98G","15",85,0.31
2026-05-28T00:41:13.559Z,"23090RA98G","15",96,0.00
2026-05-28T00:41:13.671Z,"23090RA98G","15",86,0.48
2026-05-28T00:41:13.786Z,"23090RA98G","15",89,0.45
2026-05-28T00:41:13.900Z,"23090RA98G","15",85,0.00
2026-05-28T00:41:14.022Z,"23090RA98G","15",90,0.80
2026-05-28T00:41:14.133Z,"23090RA98G","15",86,0.51
2026-05-28T00:41:14.251Z,"23090RA98G","15",91,0.00
2026-05-28T00:41:14.377Z,"23090RA98G","15",90,0.54
2026-05-28T00:41:14.486Z,"23090RA98G","15",85,0.54
2026-05-28T00:41:14.605Z,"23090RA98G","15",90,0.00
2026-05-28T00:41:14.726Z,"23090RA98G","15",83,0.54
2026-05-28T00:50:43.288Z,"23090RA98G","15",405,11.72
2026-05-28T00:50:43.564Z,"23090RA98G","15",255,11.70
2026-05-28T00:50:44.208Z,"23090RA98G","15",619,0.00
2026-05-28T00:50:44.579Z,"23090RA98G","15",356,11.74
2026-05-28T00:50:44.841Z,"23090RA98G","15",247,0.00
2026-05-28T00:50:45.068Z,"23090RA98G","15",213,11.74
2026-05-28T00:50:45.439Z,"23090RA98G","15",359,0.00
2026-05-28T00:50:45.670Z,"23090RA98G","15",219,11.40
2026-05-28T00:50:45.916Z,"23090RA98G","15",231,0.00
2026-05-28T00:50:46.309Z,"23090RA98G","15",380,11.48
2026-05-28T00:50:46.553Z,"23090RA98G","15",225,0.00
2026-05-28T00:50:46.771Z,"23090RA98G","15",204,11.48
2026-05-28T00:50:47.154Z,"23090RA98G","15",366,0.00
2026-05-28T00:50:47.412Z,"23090RA98G","15",242,0.00
2026-05-28T00:50:47.672Z,"23090RA98G","15",246,11.52
2026-05-28T00:50:48.088Z,"23090RA98G","15",392,0.00
2026-05-28T00:50:48.505Z,"23090RA98G","15",400,11.95
2026-05-28T00:50:48.934Z,"23090RA98G","15",412,0.00
2026-05-28T00:50:49.355Z,"23090RA98G","15",400,11.66
2026-05-28T00:50:49.803Z,"23090RA98G","15",427,0.00
2026-05-28T00:50:50.229Z,"23090RA98G","15",407,11.92
2026-05-28T00:50:50.684Z,"23090RA98G","15",436,0.00
2026-05-28T00:50:51.124Z,"23090RA98G","15",423,11.89
2026-05-28T00:50:51.577Z,"23090RA98G","15",426,0.00
2026-05-28T00:50:51.995Z,"23090RA98G","15",401,11.92
2026-05-28T00:50:52.451Z,"23090RA98G","15",436,0.00
2026-05-28T00:50:52.957Z,"23090RA98G","15",457,12.02
2026-05-28T00:50:53.422Z,"23090RA98G","15",444,11.62
2026-05-28T00:50:53.889Z,"23090RA98G","15",424,11.68
2026-05-28T00:50:54.315Z,"23090RA98G","15",404,11.86
2026-05-28T00:50:54.764Z,"23090RA98G","15",421,10.48
2026-05-28T00:50:55.232Z,"23090RA98G","15",440,11.86
2026-05-28T00:50:55.703Z,"23090RA98G","15",442,0.00
2026-05-28T00:50:56.157Z,"23090RA98G","15",427,0.00
2026-05-28T00:50:56.623Z,"23090RA98G","15",435,11.86
2026-05-28T00:50:57.061Z,"23090RA98G","15",408,11.79
2026-05-28T00:50:57.574Z,"23090RA98G","15",476,11.92
2026-05-28T00:50:58.059Z,"23090RA98G","15",463,11.82
2026-05-28T00:50:58.602Z,"23090RA98G","15",508,11.99
2026-05-28T00:50:59.068Z,"23090RA98G","15",446,11.79
2026-05-28T00:50:59.565Z,"23090RA98G","15",467,10.79
2026-05-28T00:51:00.054Z,"23090RA98G","15",458,11.86
2026-05-28T00:51:00.514Z,"23090RA98G","15",439,0.00
2026-05-28T00:51:00.974Z,"23090RA98G","15",440,11.86
2026-05-28T00:51:01.480Z,"23090RA98G","15",476,0.00
2026-05-28T00:51:01.968Z,"23090RA98G","15",459,11.82
2026-05-28T00:51:02.468Z,"23090RA98G","15",473,0.00
2026-05-28T00:51:02.969Z,"23090RA98G","15",466,0.00
2026-05-28T00:51:03.465Z,"23090RA98G","15",472,11.85
2026-05-28T00:51:03.979Z,"23090RA98G","15",484,0.00
2026-05-28T00:51:04.463Z,"23090RA98G","15",463,11.90
2026-05-28T00:51:04.961Z,"23090RA98G","15",465,0.00
2026-05-28T00:51:05.434Z,"23090RA98G","15",448,11.85
2026-05-28T00:51:05.946Z,"23090RA98G","15",469,0.00
2026-05-28T00:51:06.423Z,"23090RA98G","15",460,11.88
2026-05-28T00:51:06.914Z,"23090RA98G","15",465,0.00
2026-05-28T00:51:07.393Z,"23090RA98G","15",452,11.89
2026-05-28T00:51:07.872Z,"23090RA98G","15",457,0.00
2026-05-28T00:51:08.366Z,"23090RA98G","15",472,11.90
2026-05-28T00:51:08.866Z,"23090RA98G","15",479,0.00
2026-05-28T00:51:09.351Z,"23090RA98G","15",460,11.86
2026-05-28T00:51:09.842Z,"23090RA98G","15",474,0.00
2026-05-28T00:51:10.328Z,"23090RA98G","15",461,11.79
2026-05-28T00:51:10.854Z,"23090RA98G","15",491,11.93
2026-05-28T00:51:11.351Z,"23090RA98G","15",470,11.89
2026-05-28T00:51:11.853Z,"23090RA98G","15",475,0.00
2026-05-28T00:51:12.345Z,"23090RA98G","15",467,11.90
2026-05-28T00:51:12.864Z,"23090RA98G","15",490,0.00
2026-05-28T00:51:13.375Z,"23090RA98G","15",484,11.89
2026-05-28T00:51:13.881Z,"23090RA98G","15",468,11.89
2026-05-28T00:51:14.387Z,"23090RA98G","15",480,11.86
2026-05-28T00:51:14.897Z,"23090RA98G","15",489,12.08
2026-05-28T00:51:15.412Z,"23090RA98G","15",491,0.00
2026-05-28T00:51:15.958Z,"23090RA98G","15",470,11.93
2026-05-28T00:51:16.458Z,"23090RA98G","15",472,0.00
2026-05-28T00:51:16.991Z,"23090RA98G","15",487,11.99
2026-05-28T00:51:17.491Z,"23090RA98G","15",471,0.00
2026-05-28T00:51:18.035Z,"23090RA98G","15",487,12.03
2026-05-28T00:51:18.531Z,"23090RA98G","15",473,11.87
2026-05-28T00:51:19.028Z,"23090RA98G","15",464,11.96
2026-05-28T00:51:19.526Z,"23090RA98G","15",462,11.86
2026-05-28T00:51:20.029Z,"23090RA98G","15",476,11.99
2026-05-28T00:51:20.540Z,"23090RA98G","15",483,0.00
2026-05-28T00:51:21.071Z,"23090RA98G","15",477,11.96
2026-05-28T00:51:21.577Z,"23090RA98G","15",470,11.90
2026-05-28T00:51:22.092Z,"23090RA98G","15",471,12.06
2026-05-28T00:51:22.592Z,"23090RA98G","15",474,11.80
2026-05-28T00:51:23.090Z,"23090RA98G","15",474,11.93
2026-05-28T00:51:23.582Z,"23090RA98G","15",466,11.93
2026-05-28T00:51:24.111Z,"23090RA98G","15",491,11.96
2026-05-28T00:51:24.614Z,"23090RA98G","15",472,11.89
2026-05-28T00:51:25.121Z,"23090RA98G","15",480,12.00
2026-05-28T00:51:25.622Z,"23090RA98G","15",467,11.83
2026-05-28T00:51:26.104Z,"23090RA98G","15",455,11.89
2026-05-28T00:51:26.627Z,"23090RA98G","15",491,11.93
2026-05-28T00:51:27.175Z,"23090RA98G","15",462,11.93
2026-05-28T00:51:27.692Z,"23090RA98G","15",470,0.00
2026-05-28T00:51:28.183Z,"23090RA98G","15",466,11.86
2026-05-28T00:51:28.698Z,"23090RA98G","15",492,0.00
2026-05-28T00:51:29.202Z,"23090RA98G","15",461,11.86
2026-05-28T00:51:29.755Z,"23090RA98G","15",522,0.00
2026-05-28T00:51:30.243Z,"23090RA98G","15",455,11.86
2026-05-28T00:51:30.758Z,"23090RA98G","15",480,11.89
2026-05-28T00:51:31.296Z,"23090RA98G","15",507,12.00
2026-05-28T00:51:31.791Z,"23090RA98G","15",473,11.87
2026-05-28T00:51:32.307Z,"23090RA98G","15",484,12.00
2026-05-28T00:51:32.801Z,"23090RA98G","15",469,11.92
2026-05-28T00:51:33.321Z,"23090RA98G","15",476,11.83
2026-05-28T00:51:33.830Z,"23090RA98G","15",478,11.80
2026-05-28T00:51:34.335Z,"23090RA98G","15",463,11.95
2026-05-28T00:51:34.833Z,"23090RA98G","15",469,12.00
2026-05-28T00:51:35.380Z,"23090RA98G","15",519,12.06
2026-05-28T00:51:35.879Z,"23090RA98G","15",470,11.89
2026-05-28T00:51:36.388Z,"23090RA98G","15",472,12.02
2026-05-28T00:51:36.896Z,"23090RA98G","15",487,0.00
2026-05-28T00:51:37.429Z,"23090RA98G","15",474,11.83
2026-05-28T00:51:37.934Z,"23090RA98G","15",475,0.00
2026-05-28T00:51:38.437Z,"23090RA98G","15",458,11.89
2026-05-28T00:51:38.907Z,"23090RA98G","15",443,11.93
2026-05-28T00:51:39.394Z,"23090RA98G","15",463,0.00
2026-05-28T00:51:39.890Z,"23090RA98G","15",469,11.98
2026-05-28T00:51:40.388Z,"23090RA98G","15",471,12.06
2026-05-28T00:51:40.871Z,"23090RA98G","15",459,0.00
2026-05-28T00:51:41.374Z,"23090RA98G","15",464,11.86
2026-05-28T00:51:41.867Z,"23090RA98G","15",471,11.86
2026-05-28T00:51:42.391Z,"23090RA98G","15",486,11.93
2026-05-28T00:51:42.896Z,"23090RA98G","15",479,11.90
2026-05-28T00:51:43.420Z,"23090RA98G","15",494,11.96
2026-05-28T00:51:43.922Z,"23090RA98G","15",473,11.80
2026-05-28T00:51:44.418Z,"23090RA98G","15",466,10.83
2026-05-28T00:51:44.899Z,"23090RA98G","15",458,11.90
2026-05-28T00:51:45.397Z,"23090RA98G","15",463,0.00
2026-05-28T00:51:45.892Z,"23090RA98G","15",473,11.86
2026-05-28T00:51:46.396Z,"23090RA98G","15",474,0.00
2026-05-28T00:51:46.888Z,"23090RA98G","15",467,12.02
2026-05-28T00:51:47.390Z,"23090RA98G","15",476,0.00
2026-05-28T00:51:47.887Z,"23090RA98G","15",469,11.78
2026-05-28T00:51:48.379Z,"23090RA98G","15",461,0.00
2026-05-28T00:51:48.871Z,"23090RA98G","15",467,11.69
2026-05-28T00:51:49.366Z,"23090RA98G","15",472,0.00
2026-05-28T00:51:49.866Z,"23090RA98G","15",477,11.65
2026-05-28T00:51:50.383Z,"23090RA98G","15",468,11.62
2026-05-28T00:51:50.912Z,"23090RA98G","15",497,0.00
2026-05-28T00:51:51.427Z,"23090RA98G","15",466,11.82
2026-05-28T00:51:51.941Z,"23090RA98G","15",482,0.00
2026-05-28T00:51:52.471Z,"23090RA98G","15",484,11.98
2026-05-28T00:51:52.980Z,"23090RA98G","15",469,0.00
2026-05-28T00:51:53.473Z,"23090RA98G","15",462,11.98
2026-05-28T00:51:53.968Z,"23090RA98G","15",463,0.00
2026-05-28T00:51:54.468Z,"23090RA98G","15",467,11.82
2026-05-28T00:51:55.008Z,"23090RA98G","15",505,12.11
2026-05-28T00:51:55.506Z,"23090RA98G","15",467,0.00
2026-05-28T00:51:56.000Z,"23090RA98G","15",456,11.70
2026-05-28T00:51:56.495Z,"23090RA98G","15",455,11.95
2026-05-28T00:51:56.998Z,"23090RA98G","15",465,11.96
2026-05-28T00:51:57.530Z,"23090RA98G","15",500,0.00
2026-05-28T00:51:58.074Z,"23090RA98G","15",492,11.86
2026-05-28T00:51:58.584Z,"23090RA98G","15",480,12.05
2026-05-28T00:51:59.099Z,"23090RA98G","15",473,11.89
2026-05-28T00:51:59.589Z,"23090RA98G","15",460,12.02
2026-05-28T00:52:00.114Z,"23090RA98G","15",494,11.83
2026-05-28T00:52:00.607Z,"23090RA98G","15",461,11.95
2026-05-28T00:52:01.157Z,"23090RA98G","15",516,11.73
2026-05-28T00:52:01.657Z,"23090RA98G","15",461,11.76
2026-05-28T00:52:02.154Z,"23090RA98G","15",458,11.98
2026-05-28T00:52:02.651Z,"23090RA98G","15",464,11.99
2026-05-28T00:52:03.178Z,"23090RA98G","15",487,11.86
2026-05-28T00:52:03.667Z,"23090RA98G","15",460,11.82
2026-05-28T00:52:04.156Z,"23090RA98G","15",456,11.53
2026-05-28T00:52:04.646Z,"23090RA98G","15",454,0.00
2026-05-28T00:52:05.130Z,"23090RA98G","15",443,11.43
2026-05-28T00:52:05.623Z,"23090RA98G","15",463,11.95
2026-05-28T00:52:06.159Z,"23090RA98G","15",488,12.04
2026-05-28T00:52:06.672Z,"23090RA98G","15",479,0.00
2026-05-28T00:52:07.180Z,"23090RA98G","15",465,11.81
2026-05-28T00:52:07.657Z,"23090RA98G","15",448,0.00
2026-05-28T00:52:08.154Z,"23090RA98G","15",462,11.95
2026-05-28T00:52:08.658Z,"23090RA98G","15",471,0.00
2026-05-28T00:52:09.154Z,"23090RA98G","15",461,12.04
2026-05-28T00:52:09.658Z,"23090RA98G","15",464,0.00
2026-05-28T00:52:10.166Z,"23090RA98G","15",470,11.77
2026-05-28T00:52:10.666Z,"23090RA98G","15",466,0.00
2026-05-28T00:52:11.170Z,"23090RA98G","15",471,11.73
2026-05-28T00:52:11.685Z,"23090RA98G","15",477,12.07
2026-05-28T00:52:12.178Z,"23090RA98G","15",467,0.00
2026-05-28T00:52:12.691Z,"23090RA98G","15",472,12.11
2026-05-28T00:52:13.184Z,"23090RA98G","15",463,11.75
2026-05-28T00:52:13.681Z,"23090RA98G","15",451,11.99
2026-05-28T00:52:14.167Z,"23090RA98G","15",459,12.02
2026-05-28T00:52:14.684Z,"23090RA98G","15",484,12.21
2026-05-28T00:52:15.174Z,"23090RA98G","15",459,0.00
2026-05-28T00:52:15.745Z,"23090RA98G","15",474,12.02
2026-05-28T00:52:16.224Z,"23090RA98G","15",452,0.00
2026-05-28T00:52:16.734Z,"23090RA98G","15",472,11.94
2026-05-28T00:52:16.996Z,"23090RA98G","15",233,0.00
2026-05-28T00:52:17.207Z,"23090RA98G","15",199,11.40
2026-05-28T00:52:17.447Z,"23090RA98G","15",226,0.00
2026-05-28T00:52:17.656Z,"23090RA98G","15",194,11.37
2026-05-28T00:52:17.885Z,"23090RA98G","15",208,0.00
2026-05-28T00:52:18.095Z,"23090RA98G","15",193,11.44
2026-05-28T00:52:18.318Z,"23090RA98G","15",206,0.00
2026-05-28T00:52:18.556Z,"23090RA98G","15",217,11.71
2026-05-28T00:52:18.798Z,"23090RA98G","15",218,0.00
2026-05-28T00:52:19.069Z,"23090RA98G","15",252,0.00
2026-05-28T00:52:19.350Z,"23090RA98G","15",248,11.51
2026-05-28T00:52:19.652Z,"23090RA98G","15",259,0.00
2026-05-28T00:52:19.908Z,"23090RA98G","15",224,11.78
2026-05-28T00:52:20.161Z,"23090RA98G","15",220,0.00
2026-05-28T00:52:20.400Z,"23090RA98G","15",217,11.50
2026-05-28T00:52:20.655Z,"23090RA98G","15",237,0.00
2026-05-28T00:52:20.887Z,"23090RA98G","15",216,11.48
2026-05-28T00:52:21.148Z,"23090RA98G","15",248,0.00
2026-05-28T00:52:21.369Z,"23090RA98G","15",204,11.44
2026-05-28T00:52:21.614Z,"23090RA98G","15",228,0.00
2026-05-28T00:52:21.833Z,"23090RA98G","15",201,11.46
2026-05-28T00:52:22.078Z,"23090RA98G","15",227,0.00
2026-05-28T00:52:22.293Z,"23090RA98G","15",194,11.46
2026-05-28T00:52:22.521Z,"23090RA98G","15",213,0.00
2026-05-28T00:52:22.772Z,"23090RA98G","15",226,11.54
2026-05-28T00:52:23.028Z,"23090RA98G","15",236,0.00
2026-05-28T00:52:23.258Z,"23090RA98G","15",208,11.50
2026-05-28T00:52:23.499Z,"23090RA98G","15",225,0.00
2026-05-28T00:52:23.765Z,"23090RA98G","15",238,11.47
2026-05-28T00:52:24.054Z,"23090RA98G","15",250,11.68
2026-05-28T00:52:24.329Z,"23090RA98G","15",231,11.45
2026-05-28T00:52:24.564Z,"23090RA98G","15",219,0.00
2026-05-28T00:52:24.809Z,"23090RA98G","15",225,11.57
2026-05-28T00:52:25.037Z,"23090RA98G","15",209,0.00
2026-05-28T00:52:25.259Z,"23090RA98G","15",195,11.47
2026-05-28T00:52:25.484Z,"23090RA98G","15",208,0.00
2026-05-28T00:52:25.757Z,"23090RA98G","15",244,11.50
2026-05-28T00:52:25.983Z,"23090RA98G","15",206,0.00
2026-05-28T00:52:26.213Z,"23090RA98G","15",202,11.50
2026-05-28T00:52:26.449Z,"23090RA98G","15",219,0.00
2026-05-28T00:52:26.675Z,"23090RA98G","15",208,11.59
2026-05-28T00:52:26.936Z,"23090RA98G","15",242,0.00
2026-05-28T00:52:27.166Z,"23090RA98G","15",206,11.47
2026-05-28T00:52:27.385Z,"23090RA98G","15",203,0.00
2026-05-28T00:52:27.608Z,"23090RA98G","15",193,11.70
2026-05-28T00:52:27.841Z,"23090RA98G","15",215,0.00
2026-05-28T00:52:28.061Z,"23090RA98G","15",201,11.67
2026-05-28T00:52:28.310Z,"23090RA98G","15",232,0.00
2026-05-28T00:52:28.841Z,"23090RA98G","15",482,11.82
2026-05-28T00:52:29.299Z,"23090RA98G","15",348,0.00
2026-05-28T00:52:29.592Z,"23090RA98G","15",247,11.79
2026-05-28T00:52:29.894Z,"23090RA98G","15",262,0.00
2026-05-28T00:52:30.151Z,"23090RA98G","15",226,11.76
2026-05-28T00:52:30.427Z,"23090RA98G","15",243,0.00
2026-05-28T00:52:30.704Z,"23090RA98G","15",250,11.73
2026-05-28T00:52:30.998Z,"23090RA98G","15",260,0.00
2026-05-28T00:52:31.343Z,"23090RA98G","15",318,11.64
2026-05-28T00:52:31.702Z,"23090RA98G","15",321,0.00
2026-05-28T00:52:32.119Z,"23090RA98G","15",366,11.99
2026-05-28T00:52:32.525Z,"23090RA98G","15",349,0.00
2026-05-28T00:52:32.849Z,"23090RA98G","15",242,11.40
2026-05-28T00:52:33.110Z,"23090RA98G","15",233,0.00
2026-05-28T00:52:33.349Z,"23090RA98G","15",217,11.50
2026-05-28T00:52:33.597Z,"23090RA98G","15",226,0.00
2026-05-28T00:52:33.871Z,"23090RA98G","15",244,11.47
2026-05-28T00:52:34.189Z,"23090RA98G","15",278,0.00
2026-05-28T00:52:34.477Z,"23090RA98G","15",251,11.51
2026-05-28T00:52:34.759Z,"23090RA98G","15",249,0.00
2026-05-28T00:52:35.028Z,"23090RA98G","15",239,11.79
2026-05-28T00:52:35.309Z,"23090RA98G","15",247,0.00
2026-05-28T00:52:35.612Z,"23090RA98G","15",238,11.73
2026-05-28T00:52:35.902Z,"23090RA98G","15",270,0.00
2026-05-28T00:52:36.175Z,"23090RA98G","15",235,11.77
2026-05-28T00:52:36.448Z,"23090RA98G","15",246,0.00
2026-05-28T00:52:36.692Z,"23090RA98G","15",217,11.74
2026-05-28T00:52:36.935Z,"23090RA98G","15",221,0.00
2026-05-28T00:52:37.180Z,"23090RA98G","15",215,11.70
2026-05-28T00:52:37.419Z,"23090RA98G","15",219,0.00
2026-05-28T00:52:37.661Z,"23090RA98G","15",216,11.73
2026-05-28T00:52:37.926Z,"23090RA98G","15",244,0.00
2026-05-28T00:52:38.159Z,"23090RA98G","15",209,11.77
2026-05-28T00:52:38.390Z,"23090RA98G","15",209,0.00
2026-05-28T00:52:38.629Z,"23090RA98G","15",205,11.76
2026-05-28T00:52:38.862Z,"23090RA98G","15",213,0.00
2026-05-28T00:52:39.094Z,"23090RA98G","15",203,11.78
2026-05-28T00:52:39.342Z,"23090RA98G","15",223,0.00
2026-05-28T00:52:39.575Z,"23090RA98G","15",206,11.73
2026-05-28T00:52:39.822Z,"23090RA98G","15",224,0.00
2026-05-28T00:52:40.073Z,"23090RA98G","15",220,11.74
2026-05-28T00:52:40.347Z,"23090RA98G","15",247,0.00
2026-05-28T00:52:40.597Z,"23090RA98G","15",219,11.79
2026-05-28T00:52:40.845Z,"23090RA98G","15",225,0.00
2026-05-28T00:52:41.122Z,"23090RA98G","15",246,11.81
2026-05-28T00:52:41.368Z,"23090RA98G","15",225,0.00
2026-05-28T00:52:41.624Z,"23090RA98G","15",224,11.83
2026-05-28T00:52:41.873Z,"23090RA98G","15",227,0.00
2026-05-28T00:52:42.100Z,"23090RA98G","15",208,11.83
2026-05-28T00:52:42.331Z,"23090RA98G","15",212,0.00
2026-05-28T00:52:42.587Z,"23090RA98G","15",225,11.75
2026-05-28T00:52:42.832Z,"23090RA98G","15",222,0.00
2026-05-28T00:52:43.066Z,"23090RA98G","15",211,11.68
2026-05-28T00:52:43.307Z,"23090RA98G","15",220,0.00
2026-05-28T00:52:43.577Z,"23090RA98G","15",242,11.84
2026-05-28T00:52:43.827Z,"23090RA98G","15",231,0.00
2026-05-28T00:52:44.077Z,"23090RA98G","15",221,11.74
2026-05-28T00:52:44.340Z,"23090RA98G","15",241,0.00
2026-05-28T00:52:44.577Z,"23090RA98G","15",210,11.84
2026-05-28T00:52:44.818Z,"23090RA98G","15",217,0.00
2026-05-28T00:52:45.076Z,"23090RA98G","15",222,11.78
2026-05-28T00:52:45.329Z,"23090RA98G","15",233,0.00
2026-05-28T00:52:45.590Z,"23090RA98G","15",231,11.78
2026-05-28T00:52:45.837Z,"23090RA98G","15",225,0.00
2026-05-28T00:52:46.089Z,"23090RA98G","15",230,11.80
2026-05-28T00:52:46.378Z,"23090RA98G","15",267,0.00
2026-05-28T00:52:46.683Z,"23090RA98G","15",265,11.68
2026-05-28T00:52:46.987Z,"23090RA98G","15",269,0.00
2026-05-28T00:52:47.262Z,"23090RA98G","15",248,11.64
2026-05-28T00:52:47.514Z,"23090RA98G","15",230,0.00
2026-05-28T00:52:47.753Z,"23090RA98G","15",216,11.67
2026-05-28T00:52:48.000Z,"23090RA98G","15",225,0.00
2026-05-28T00:52:48.257Z,"23090RA98G","15",223,11.70
2026-05-28T00:52:48.498Z,"23090RA98G","15",219,0.00
2026-05-28T00:52:48.739Z,"23090RA98G","15",209,11.70
2026-05-28T00:52:49.006Z,"23090RA98G","15",248,0.00
2026-05-28T00:52:49.258Z,"23090RA98G","15",228,11.85
2026-05-28T00:52:49.577Z,"23090RA98G","15",276,0.00
2026-05-28T00:52:49.846Z,"23090RA98G","15",230,11.50
2026-05-28T00:52:50.076Z,"23090RA98G","15",209,0.00
2026-05-28T00:52:50.354Z,"23090RA98G","15",246,11.43
2026-05-28T00:52:50.612Z,"23090RA98G","15",237,0.00
2026-05-28T00:52:50.866Z,"23090RA98G","15",227,11.66
2026-05-28T00:52:51.120Z,"23090RA98G","15",229,0.00
2026-05-28T00:52:51.391Z,"23090RA98G","15",242,11.70
2026-05-28T00:52:51.629Z,"23090RA98G","15",215,0.00
2026-05-28T00:52:51.882Z,"23090RA98G","15",213,11.62
2026-05-28T00:52:52.148Z,"23090RA98G","15",243,0.00
2026-05-28T00:52:52.398Z,"23090RA98G","15",218,11.42
2026-05-28T00:52:52.649Z,"23090RA98G","15",227,0.00
2026-05-28T00:52:52.902Z,"23090RA98G","15",228,11.63
2026-05-28T00:52:53.155Z,"23090RA98G","15",227,0.00
2026-05-28T00:52:53.428Z,"23090RA98G","15",239,11.41
2026-05-28T00:52:53.733Z,"23090RA98G","15",276,0.00
2026-05-28T00:52:53.999Z,"23090RA98G","15",232,11.61
2026-05-28T00:52:54.283Z,"23090RA98G","15",255,0.00
2026-05-28T00:52:54.514Z,"23090RA98G","15",209,11.63
2026-05-28T00:52:54.757Z,"23090RA98G","15",219,0.00
2026-05-28T00:52:55.007Z,"23090RA98G","15",212,11.62
2026-05-28T00:52:55.261Z,"23090RA98G","15",231,0.00
2026-05-28T00:52:55.525Z,"23090RA98G","15",228,11.32
2026-05-28T00:52:55.789Z,"23090RA98G","15",243,0.00
2026-05-28T00:52:56.050Z,"23090RA98G","15",230,11.60
2026-05-28T00:52:56.288Z,"23090RA98G","15",215,0.00
2026-05-28T00:52:56.566Z,"23090RA98G","15",248,11.66
2026-05-28T00:52:56.809Z,"23090RA98G","15",220,0.00
2026-05-28T00:52:57.065Z,"23090RA98G","15",226,11.69
2026-05-28T00:52:57.320Z,"23090RA98G","15",232,0.00
2026-05-28T00:52:57.585Z,"23090RA98G","15",226,11.63
2026-05-28T00:52:57.856Z,"23090RA98G","15",249,0.00
2026-05-28T00:52:58.088Z,"23090RA98G","15",207,11.62
2026-05-28T00:52:58.344Z,"23090RA98G","15",230,0.00
2026-05-28T00:52:58.589Z,"23090RA98G","15",212,11.62
2026-05-28T00:52:58.840Z,"23090RA98G","15",226,0.00
2026-05-28T00:52:59.077Z,"23090RA98G","15",212,11.63
2026-05-28T00:52:59.316Z,"23090RA98G","15",213,0.00
2026-05-28T00:52:59.570Z,"23090RA98G","15",219,11.66
2026-05-28T00:52:59.830Z,"23090RA98G","15",235,0.00
2026-05-28T00:53:00.076Z,"23090RA98G","15",219,11.60
2026-05-28T00:53:00.329Z,"23090RA98G","15",229,0.00
2026-05-28T00:53:00.580Z,"23090RA98G","15",227,11.63
2026-05-28T00:53:00.816Z,"23090RA98G","15",213,11.56
2026-05-28T00:53:01.082Z,"23090RA98G","15",232,11.61
2026-05-28T00:53:01.316Z,"23090RA98G","15",208,0.00
2026-05-28T00:53:01.580Z,"23090RA98G","15",234,11.60
2026-05-28T00:53:01.867Z,"23090RA98G","15",264,0.00
2026-05-28T00:53:02.136Z,"23090RA98G","15",236,11.95
2026-05-28T00:53:02.394Z,"23090RA98G","15",236,0.00
2026-05-28T00:53:02.639Z,"23090RA98G","15",214,11.86
2026-05-28T00:53:02.886Z,"23090RA98G","15",221,0.00
2026-05-28T00:53:03.116Z,"23090RA98G","15",208,11.62
2026-05-28T00:53:03.364Z,"23090RA98G","15",231,0.00
2026-05-28T00:53:03.624Z,"23090RA98G","15",236,11.48
2026-05-28T00:53:03.879Z,"23090RA98G","15",236,0.00
2026-05-28T00:53:04.164Z,"23090RA98G","15",265,11.68
2026-05-28T00:53:04.479Z,"23090RA98G","15",291,0.00
2026-05-28T00:53:04.804Z,"23090RA98G","15",288,11.76
2026-05-28T00:53:05.170Z,"23090RA98G","15",342,0.00
2026-05-28T00:53:05.500Z,"23090RA98G","15",282,11.46
2026-05-28T00:53:05.845Z,"23090RA98G","15",322,0.00
2026-05-28T00:53:06.182Z,"23090RA98G","15",307,11.75
2026-05-28T00:53:06.527Z,"23090RA98G","15",325,0.00
2026-05-28T00:53:06.891Z,"23090RA98G","15",320,11.86
2026-05-28T00:53:07.245Z,"23090RA98G","15",326,0.00
2026-05-28T00:53:07.585Z,"23090RA98G","15",306,11.55
2026-05-28T00:53:07.942Z,"23090RA98G","15",334,0.00
2026-05-28T00:53:08.288Z,"23090RA98G","15",312,11.89
2026-05-28T00:53:08.647Z,"23090RA98G","15",333,0.00
2026-05-28T00:53:09.029Z,"23090RA98G","15",322,11.75
2026-05-28T00:53:09.351Z,"23090RA98G","15",301,0.00
2026-05-28T00:53:09.732Z,"23090RA98G","15",295,11.73
2026-05-28T00:53:10.097Z,"23090RA98G","15",339,0.00
2026-05-28T00:53:10.656Z,"23090RA98G","15",505,11.93
2026-05-28T00:53:11.271Z,"23090RA98G","15",568,0.00
2026-05-28T00:53:11.688Z,"23090RA98G","15",376,11.59
2026-05-28T00:53:12.096Z,"23090RA98G","15",374,0.00
2026-05-28T00:53:12.433Z,"23090RA98G","15",305,11.76
2026-05-28T00:53:12.763Z,"23090RA98G","15",309,0.00
2026-05-28T00:53:13.086Z,"23090RA98G","15",284,11.48
2026-05-28T00:53:13.390Z,"23090RA98G","15",277,0.00
2026-05-28T00:53:13.712Z,"23090RA98G","15",295,11.58
2026-05-28T00:53:14.063Z,"23090RA98G","15",323,0.00
2026-05-28T00:53:14.421Z,"23090RA98G","15",330,11.88
2026-05-28T00:53:14.769Z,"23090RA98G","15",325,0.00
2026-05-28T00:53:15.120Z,"23090RA98G","15",312,11.51
2026-05-28T00:53:15.445Z,"23090RA98G","15",299,0.00
2026-05-28T00:53:15.773Z,"23090RA98G","15",302,11.57
2026-05-28T00:53:16.084Z,"23090RA98G","15",285,0.00
2026-05-28T00:53:16.409Z,"23090RA98G","15",299,11.73
2026-05-28T00:53:16.714Z,"23090RA98G","15",276,0.00
2026-05-28T00:53:17.012Z,"23090RA98G","15",267,11.79
2026-05-28T00:53:17.341Z,"23090RA98G","15",309,0.00
2026-05-28T00:53:17.649Z,"23090RA98G","15",265,11.58
2026-05-28T00:53:17.986Z,"23090RA98G","15",320,0.00
2026-05-28T00:53:18.306Z,"23090RA98G","15",287,11.61
2026-05-28T00:53:18.623Z,"23090RA98G","15",299,11.52
2026-05-28T00:53:18.958Z,"23090RA98G","15",316,0.00
2026-05-28T00:53:19.276Z,"23090RA98G","15",292,0.00
2026-05-28T00:53:19.588Z,"23090RA98G","15",290,11.71
2026-05-28T00:53:19.930Z,"23090RA98G","15",321,0.00
2026-05-28T00:53:20.253Z,"23090RA98G","15",293,11.58
2026-05-28T00:53:20.561Z,"23090RA98G","15",286,0.00
2026-05-28T00:53:20.875Z,"23090RA98G","15",291,11.79
2026-05-28T00:53:21.289Z,"23090RA98G","15",358,0.00
2026-05-28T00:53:21.630Z,"23090RA98G","15",312,0.00
2026-05-28T00:53:22.023Z,"23090RA98G","15",349,11.82
2026-05-28T00:53:22.360Z,"23090RA98G","15",312,0.00
2026-05-28T00:53:22.701Z,"23090RA98G","15",307,11.61
2026-05-28T00:53:23.040Z,"23090RA98G","15",311,0.00
2026-05-28T00:53:23.393Z,"23090RA98G","15",313,11.92
2026-05-28T00:53:23.767Z,"23090RA98G","15",348,0.00
2026-05-28T00:53:24.115Z,"23090RA98G","15",321,0.00
2026-05-28T00:53:24.455Z,"23090RA98G","15",291,11.82
2026-05-28T00:53:24.799Z,"23090RA98G","15",317,0.00
2026-05-28T00:53:25.171Z,"23090RA98G","15",325,11.75
2026-05-28T00:53:25.522Z,"23090RA98G","15",321,11.78
2026-05-28T00:53:25.903Z,"23090RA98G","15",326,11.85
2026-05-28T00:53:26.267Z,"23090RA98G","15",334,11.56
2026-05-28T00:53:26.636Z,"23090RA98G","15",336,11.77
2026-05-28T00:53:26.971Z,"23090RA98G","15",314,11.82
2026-05-28T00:53:27.351Z,"23090RA98G","15",321,11.55
2026-05-28T00:53:27.694Z,"23090RA98G","15",314,0.00
2026-05-28T00:53:28.029Z,"23090RA98G","15",292,11.82
2026-05-28T00:53:28.355Z,"23090RA98G","15",303,11.54
2026-05-28T00:53:28.692Z,"23090RA98G","15",301,11.84
2026-05-28T00:53:29.030Z,"23090RA98G","15",307,11.78
2026-05-28T00:53:29.360Z,"23090RA98G","15",305,11.52
2026-05-28T00:53:29.689Z,"23090RA98G","15",298,11.75
2026-05-28T00:53:30.006Z,"23090RA98G","15",292,0.00
2026-05-28T00:53:30.339Z,"23090RA98G","15",310,11.48
2026-05-28T00:53:30.710Z,"23090RA98G","15",336,0.00
2026-05-28T00:53:31.025Z,"23090RA98G","15",291,0.00
2026-05-28T00:53:31.371Z,"23090RA98G","15",320,11.55
2026-05-28T00:53:31.744Z,"23090RA98G","15",341,0.00
2026-05-28T00:53:32.128Z,"23090RA98G","15",344,11.89
2026-05-28T00:53:32.483Z,"23090RA98G","15",328,0.00
2026-05-28T00:53:32.859Z,"23090RA98G","15",318,11.57
2026-05-28T00:53:33.229Z,"23090RA98G","15",338,0.00
2026-05-28T00:53:33.642Z,"23090RA98G","15",328,11.79
2026-05-28T00:53:33.977Z,"23090RA98G","15",305,11.50
2026-05-28T00:53:34.320Z,"23090RA98G","15",301,11.52
2026-05-28T00:53:34.648Z,"23090RA98G","15",301,11.77
2026-05-28T00:53:35.020Z,"23090RA98G","15",326,11.87
2026-05-28T00:53:35.345Z,"23090RA98G","15",302,11.48
2026-05-28T00:53:35.711Z,"23090RA98G","15",338,0.00
2026-05-28T00:53:36.059Z,"23090RA98G","15",315,0.00
2026-05-28T00:53:36.425Z,"23090RA98G","15",331,11.58
2026-05-28T00:53:36.773Z,"23090RA98G","15",315,0.00
2026-05-28T00:53:37.130Z,"23090RA98G","15",329,11.78
2026-05-28T00:53:37.497Z,"23090RA98G","15",327,11.68
2026-05-28T00:53:37.862Z,"23090RA98G","15",335,11.69
2026-05-28T00:53:38.248Z,"23090RA98G","15",334,11.71
2026-05-28T00:53:38.576Z,"23090RA98G","15",304,11.88
2026-05-28T00:53:38.925Z,"23090RA98G","15",328,11.57
2026-05-28T00:53:39.274Z,"23090RA98G","15",325,11.82
2026-05-28T00:53:39.619Z,"23090RA98G","15",318,0.00
2026-05-28T00:53:39.959Z,"23090RA98G","15",310,11.64
2026-05-28T00:53:40.312Z,"23090RA98G","15",328,0.00
2026-05-28T00:53:40.635Z,"23090RA98G","15",300,0.00
2026-05-28T00:53:40.961Z,"23090RA98G","15",289,11.46
2026-05-28T00:53:41.311Z,"23090RA98G","15",328,0.00
2026-05-28T00:53:41.640Z,"23090RA98G","15",301,11.79
2026-05-28T00:53:41.971Z,"23090RA98G","15",309,0.00
2026-05-28T00:53:42.349Z,"23090RA98G","15",338,11.91
2026-05-28T00:53:42.685Z,"23090RA98G","15",312,11.75
2026-05-28T00:53:43.044Z,"23090RA98G","15",323,11.55
2026-05-28T00:53:43.399Z,"23090RA98G","15",316,11.51
2026-05-28T00:53:43.719Z,"23090RA98G","15",292,0.00
2026-05-28T00:53:44.054Z,"23090RA98G","15",312,11.52
2026-05-28T00:53:44.426Z,"23090RA98G","15",343,0.00
2026-05-28T00:53:44.775Z,"23090RA98G","15",317,0.00
2026-05-28T00:53:45.112Z,"23090RA98G","15",315,11.86
2026-05-28T00:53:45.482Z,"23090RA98G","15",343,0.00
2026-05-28T00:53:45.848Z,"23090RA98G","15",309,11.75
2026-05-28T00:53:46.217Z,"23090RA98G","15",343,0.00
2026-05-28T00:53:46.603Z,"23090RA98G","15",297,11.58
2026-05-28T00:53:46.938Z,"23090RA98G","15",313,11.64
2026-05-28T00:53:47.305Z,"23090RA98G","15",338,11.99
2026-05-28T00:53:47.659Z,"23090RA98G","15",328,11.87
2026-05-28T00:53:48.003Z,"23090RA98G","15",317,11.58
2026-05-28T00:53:48.351Z,"23090RA98G","15",323,11.78
2026-05-28T00:53:48.696Z,"23090RA98G","15",315,0.00
2026-05-28T00:53:49.065Z,"23090RA98G","15",332,11.71
2026-05-28T00:53:49.413Z,"23090RA98G","15",316,0.00
2026-05-28T00:53:49.768Z,"23090RA98G","15",323,11.93
2026-05-28T00:53:50.134Z,"23090RA98G","15",330,10.45
2026-05-28T00:53:50.476Z,"23090RA98G","15",310,11.67
2026-05-28T00:53:50.828Z,"23090RA98G","15",308,0.00
2026-05-28T00:53:51.177Z,"23090RA98G","15",316,11.66
2026-05-28T00:53:51.544Z,"23090RA98G","15",332,0.00
2026-05-28T00:53:51.916Z,"23090RA98G","15",334,11.89
2026-05-28T00:53:52.249Z,"23090RA98G","15",302,0.00
2026-05-28T00:53:52.576Z,"23090RA98G","15",288,11.45
2026-05-28T00:53:52.935Z,"23090RA98G","15",332,0.00
2026-05-28T00:53:53.287Z,"23090RA98G","15",320,11.62
2026-05-28T00:53:53.634Z,"23090RA98G","15",303,0.00
2026-05-28T00:53:53.974Z,"23090RA98G","15",312,11.62
2026-05-28T00:53:54.326Z,"23090RA98G","15",319,0.00
2026-05-28T00:53:54.685Z,"23090RA98G","15",320,11.43
2026-05-28T00:53:55.040Z,"23090RA98G","15",324,0.00
2026-05-28T00:53:55.405Z,"23090RA98G","15",332,11.86
2026-05-28T00:53:55.742Z,"23090RA98G","15",306,0.00
2026-05-28T00:53:56.093Z,"23090RA98G","15",313,11.36
2026-05-28T00:53:56.453Z,"23090RA98G","15",324,0.00
2026-05-28T00:53:56.763Z,"23090RA98G","15",278,11.65
2026-05-28T00:53:57.133Z,"23090RA98G","15",326,11.83
2026-05-28T00:53:57.462Z,"23090RA98G","15",295,11.58
2026-05-28T00:53:57.828Z,"23090RA98G","15",327,11.98
2026-05-28T00:53:58.180Z,"23090RA98G","15",305,0.00
2026-05-28T00:53:58.545Z,"23090RA98G","15",309,11.64
2026-05-28T00:53:58.939Z,"23090RA98G","15",363,0.00
2026-05-28T00:53:59.292Z,"23090RA98G","15",319,11.91
2026-05-28T00:53:59.696Z,"23090RA98G","15",369,0.00
2026-05-28T00:54:00.049Z,"23090RA98G","15",315,11.94
2026-05-28T00:54:00.439Z,"23090RA98G","15",355,0.00
2026-05-28T00:54:00.775Z,"23090RA98G","15",301,11.91
2026-05-28T00:54:01.101Z,"23090RA98G","15",297,0.00
2026-05-28T00:54:01.472Z,"23090RA98G","15",333,11.98
2026-05-28T00:54:01.797Z,"23090RA98G","15",290,11.59
2026-05-28T00:54:02.126Z,"23090RA98G","15",299,0.00
2026-05-28T00:54:02.469Z,"23090RA98G","15",306,0.00
2026-05-28T00:54:02.818Z,"23090RA98G","15",320,11.91
2026-05-28T00:54:03.186Z,"23090RA98G","15",332,0.00
2026-05-28T00:54:03.524Z,"23090RA98G","15",302,11.86
2026-05-28T00:54:03.882Z,"23090RA98G","15",308,0.00
2026-05-28T00:54:04.205Z,"23090RA98G","15",292,11.71
2026-05-28T00:54:04.532Z,"23090RA98G","15",296,0.00
2026-05-28T00:54:04.901Z,"23090RA98G","15",335,11.87
2026-05-28T00:54:05.237Z,"23090RA98G","15",303,0.00
2026-05-28T00:54:05.567Z,"23090RA98G","15",293,11.87
2026-05-28T01:17:24.830Z,"23090RA98G","15",395,0.00
2026-05-28T01:17:25.129Z,"23090RA98G","15",280,11.76
2026-05-28T01:17:25.645Z,"23090RA98G","15",500,0.00
2026-05-28T01:17:25.994Z,"23090RA98G","15",334,11.88
2026-05-28T01:17:26.232Z,"23090RA98G","15",224,0.00
2026-05-28T01:17:26.439Z,"23090RA98G","15",194,11.82
2026-05-28T01:17:26.796Z,"23090RA98G","15",342,0.00
2026-05-28T01:17:27.019Z,"23090RA98G","15",209,11.65
2026-05-28T01:17:27.232Z,"23090RA98G","15",201,0.00
2026-05-28T01:17:27.569Z,"23090RA98G","15",322,11.83
2026-05-28T01:17:27.797Z,"23090RA98G","15",214,0.00
2026-05-28T01:17:28.013Z,"23090RA98G","15",204,11.65
2026-05-28T01:17:28.346Z,"23090RA98G","15",321,0.00
2026-05-28T01:17:28.570Z,"23090RA98G","15",210,11.68
2026-05-28T01:17:28.799Z,"23090RA98G","15",214,0.00
2026-05-28T01:17:29.194Z,"23090RA98G","15",380,11.85
2026-05-28T01:17:29.594Z,"23090RA98G","15",381,0.00
2026-05-28T01:17:30.006Z,"23090RA98G","15",393,11.79
2026-05-28T01:17:30.381Z,"23090RA98G","15",357,0.00
2026-05-28T01:17:30.748Z,"23090RA98G","15",349,11.86
2026-05-28T01:17:31.116Z,"23090RA98G","15",349,0.00
2026-05-28T01:17:31.501Z,"23090RA98G","15",366,11.78
2026-05-28T01:17:31.904Z,"23090RA98G","15",380,0.00
2026-05-28T01:17:32.387Z,"23090RA98G","15",436,11.66
2026-05-28T01:17:32.806Z,"23090RA98G","15",396,0.00
2026-05-28T01:17:33.184Z,"23090RA98G","15",353,11.94
2026-05-28T01:17:33.586Z,"23090RA98G","15",383,0.00
2026-05-28T01:17:34.015Z,"23090RA98G","15",402,11.92
2026-05-28T01:17:34.431Z,"23090RA98G","15",390,0.00
2026-05-28T01:17:34.848Z,"23090RA98G","15",384,11.92
2026-05-28T01:17:35.257Z,"23090RA98G","15",386,0.00
2026-05-28T01:17:35.674Z,"23090RA98G","15",388,11.88
2026-05-28T01:17:36.095Z,"23090RA98G","15",391,0.00
2026-05-28T01:17:36.532Z,"23090RA98G","15",402,11.86
2026-05-28T01:17:36.973Z,"23090RA98G","15",420,0.00
2026-05-28T01:17:37.398Z,"23090RA98G","15",404,11.79
2026-05-28T01:17:37.829Z,"23090RA98G","15",403,0.00
2026-05-28T01:17:38.286Z,"23090RA98G","15",430,11.88
2026-05-28T01:17:38.720Z,"23090RA98G","15",414,0.00
2026-05-28T01:17:39.170Z,"23090RA98G","15",413,11.86
2026-05-28T01:17:39.617Z,"23090RA98G","15",418,10.77
2026-05-28T01:17:40.045Z,"23090RA98G","15",409,11.59
2026-05-28T01:17:40.490Z,"23090RA98G","15",419,0.00
2026-05-28T01:17:40.939Z,"23090RA98G","15",427,11.91
2026-05-28T01:17:41.411Z,"23090RA98G","15",448,0.00
2026-05-28T01:17:41.857Z,"23090RA98G","15",424,11.79
2026-05-28T01:17:42.286Z,"23090RA98G","15",406,0.00
2026-05-28T01:17:42.745Z,"23090RA98G","15",436,11.92
2026-05-28T01:17:43.220Z,"23090RA98G","15",453,0.00
2026-05-28T01:17:43.675Z,"23090RA98G","15",434,11.89
2026-05-28T01:17:44.118Z,"23090RA98G","15",425,0.00
2026-05-28T01:17:44.593Z,"23090RA98G","15",450,12.05
2026-05-28T01:17:45.062Z,"23090RA98G","15",447,0.00
2026-05-28T01:17:45.543Z,"23090RA98G","15",462,11.88
2026-05-28T01:17:46.021Z,"23090RA98G","15",458,0.00
2026-05-28T01:17:46.505Z,"23090RA98G","15",458,11.99
2026-05-28T01:17:47.000Z,"23090RA98G","15",467,0.00
2026-05-28T01:17:47.497Z,"23090RA98G","15",475,11.92
2026-05-28T01:17:48.001Z,"23090RA98G","15",473,12.01
2026-05-28T01:17:48.508Z,"23090RA98G","15",483,0.00
2026-05-28T01:17:49.019Z,"23090RA98G","15",470,11.93
2026-05-28T01:17:49.507Z,"23090RA98G","15",471,0.00
2026-05-28T01:17:50.009Z,"23090RA98G","15",456,11.93
2026-05-28T01:17:50.530Z,"23090RA98G","15",496,0.00
2026-05-28T01:17:51.053Z,"23090RA98G","15",464,11.91
2026-05-28T01:17:51.586Z,"23090RA98G","15",509,0.00
2026-05-28T01:17:52.110Z,"23090RA98G","15",476,11.96
2026-05-28T01:17:52.605Z,"23090RA98G","15",471,0.00
2026-05-28T01:17:53.141Z,"23090RA98G","15",501,12.06
2026-05-28T01:17:53.675Z,"23090RA98G","15",503,0.00
2026-05-28T01:17:54.197Z,"23090RA98G","15",487,11.90
2026-05-28T01:17:54.699Z,"23090RA98G","15",465,12.03
2026-05-28T01:17:55.230Z,"23090RA98G","15",505,11.99
2026-05-28T01:17:55.703Z,"23090RA98G","15",445,0.00
2026-05-28T01:17:56.247Z,"23090RA98G","15",472,11.85
2026-05-28T01:17:56.738Z,"23090RA98G","15",456,0.00
2026-05-28T01:17:57.268Z,"23090RA98G","15",484,11.83
2026-05-28T01:17:57.767Z,"23090RA98G","15",476,11.89
2026-05-28T01:17:58.288Z,"23090RA98G","15",490,11.98
2026-05-28T01:17:58.775Z,"23090RA98G","15",458,11.82
2026-05-28T01:17:59.284Z,"23090RA98G","15",475,11.94
2026-05-28T01:17:59.736Z,"23090RA98G","15",430,11.93
2026-05-28T01:18:00.259Z,"23090RA98G","15",478,11.96
2026-05-28T01:18:00.744Z,"23090RA98G","15",462,11.80
2026-05-28T01:18:01.271Z,"23090RA98G","15",488,11.80
2026-05-28T01:18:01.760Z,"23090RA98G","15",454,11.86
2026-05-28T01:18:02.274Z,"23090RA98G","15",472,11.96
2026-05-28T01:18:02.773Z,"23090RA98G","15",475,11.86
2026-05-28T01:18:03.296Z,"23090RA98G","15",481,11.93
2026-05-28T01:18:03.791Z,"23090RA98G","15",469,0.00
2026-05-28T01:18:04.313Z,"23090RA98G","15",472,11.96
2026-05-28T01:18:04.803Z,"23090RA98G","15",464,11.92
2026-05-28T01:18:05.328Z,"23090RA98G","15",487,11.93
2026-05-28T01:18:05.823Z,"23090RA98G","15",452,11.89
2026-05-28T01:18:06.351Z,"23090RA98G","15",491,11.83
2026-05-28T01:18:06.852Z,"23090RA98G","15",465,0.00
2026-05-28T01:18:07.379Z,"23090RA98G","15",488,11.96
2026-05-28T01:18:07.872Z,"23090RA98G","15",469,11.90
2026-05-28T01:18:08.402Z,"23090RA98G","15",502,10.58
2026-05-28T01:18:08.900Z,"23090RA98G","15",475,11.90
2026-05-28T01:18:09.404Z,"23090RA98G","15",476,11.93
2026-05-28T01:18:09.903Z,"23090RA98G","15",463,11.83
2026-05-28T01:18:10.413Z,"23090RA98G","15",464,11.80
2026-05-28T01:18:10.912Z,"23090RA98G","15",470,11.93
2026-05-28T01:18:11.412Z,"23090RA98G","15",474,11.96
2026-05-28T01:18:11.908Z,"23090RA98G","15",461,11.86
2026-05-28T01:18:12.396Z,"23090RA98G","15",458,10.83
2026-05-28T01:18:12.871Z,"23090RA98G","15",453,11.93
2026-05-28T01:18:13.356Z,"23090RA98G","15",444,12.01
2026-05-28T01:18:13.872Z,"23090RA98G","15",472,0.00
2026-05-28T01:18:14.404Z,"23090RA98G","15",490,11.92
2026-05-28T01:18:14.901Z,"23090RA98G","15",465,0.00
2026-05-28T01:18:15.438Z,"23090RA98G","15",485,11.83
2026-05-28T01:18:15.925Z,"23090RA98G","15",457,0.00
2026-05-28T01:18:16.387Z,"23090RA98G","15",435,12.03
2026-05-28T01:18:16.880Z,"23090RA98G","15",467,0.00
2026-05-28T01:18:17.371Z,"23090RA98G","15",443,11.99
2026-05-28T01:18:17.861Z,"23090RA98G","15",464,0.00
2026-05-28T01:18:18.428Z,"23090RA98G","15",491,11.92
2026-05-28T01:18:18.972Z,"23090RA98G","15",517,0.00
2026-05-28T01:18:19.475Z,"23090RA98G","15",479,11.94
2026-05-28T01:18:19.983Z,"23090RA98G","15",485,0.00
2026-05-28T01:18:20.461Z,"23090RA98G","15",458,11.86
2026-05-28T01:18:20.955Z,"23090RA98G","15",469,0.00
2026-05-28T01:18:21.440Z,"23090RA98G","15",455,11.76
2026-05-28T01:18:21.941Z,"23090RA98G","15",476,0.00
2026-05-28T01:18:22.435Z,"23090RA98G","15",467,11.87
2026-05-28T01:18:22.944Z,"23090RA98G","15",477,11.96
2026-05-28T01:18:23.453Z,"23090RA98G","15",481,11.86
2026-05-28T01:18:23.967Z,"23090RA98G","15",488,11.86
2026-05-28T01:18:24.461Z,"23090RA98G","15",469,11.89
2026-05-28T01:18:24.957Z,"23090RA98G","15",469,0.00
2026-05-28T01:18:25.438Z,"23090RA98G","15",452,11.86
2026-05-28T01:18:25.954Z,"23090RA98G","15",486,11.86
2026-05-28T01:18:26.456Z,"23090RA98G","15",473,11.98
2026-05-28T01:18:26.971Z,"23090RA98G","15",488,12.02
2026-05-28T01:18:27.531Z,"23090RA98G","15",522,0.00
2026-05-28T01:18:28.038Z,"23090RA98G","15",470,11.86
2026-05-28T01:18:28.510Z,"23090RA98G","15",452,11.99
2026-05-28T01:18:29.038Z,"23090RA98G","15",492,12.05
2026-05-28T01:18:29.535Z,"23090RA98G","15",462,11.95
2026-05-28T01:18:30.065Z,"23090RA98G","15",501,11.95
2026-05-28T01:18:30.571Z,"23090RA98G","15",475,0.00
2026-05-28T01:18:31.057Z,"23090RA98G","15",451,11.86
2026-05-28T01:18:31.553Z,"23090RA98G","15",474,0.00
2026-05-28T01:18:32.042Z,"23090RA98G","15",459,11.71
2026-05-28T01:18:32.599Z,"23090RA98G","15",513,10.99
2026-05-28T01:18:33.101Z,"23090RA98G","15",466,0.00
2026-05-28T01:18:33.631Z,"23090RA98G","15",461,12.10
2026-05-28T01:18:34.132Z,"23090RA98G","15",471,0.00
2026-05-28T01:18:34.617Z,"23090RA98G","15",454,11.98
2026-05-28T01:18:35.134Z,"23090RA98G","15",479,0.00
2026-05-28T01:18:35.627Z,"23090RA98G","15",462,11.96
2026-05-28T01:18:36.121Z,"23090RA98G","15",450,11.84
2026-05-28T01:18:36.611Z,"23090RA98G","15",458,0.00
2026-05-28T01:18:37.119Z,"23090RA98G","15",457,11.81
2026-05-28T01:18:37.611Z,"23090RA98G","15",457,0.00
2026-05-28T01:18:38.120Z,"23090RA98G","15",478,12.01
2026-05-28T01:18:38.612Z,"23090RA98G","15",464,0.00
2026-05-28T01:18:39.131Z,"23090RA98G","15",492,12.08
2026-05-28T01:18:39.641Z,"23090RA98G","15",471,10.87
2026-05-28T01:18:40.157Z,"23090RA98G","15",484,12.11
2026-05-28T01:18:40.670Z,"23090RA98G","15",465,11.88
2026-05-28T01:18:41.184Z,"23090RA98G","15",486,0.00
2026-05-28T01:18:41.744Z,"23090RA98G","15",478,12.07
2026-05-28T01:18:42.240Z,"23090RA98G","15",470,0.00
2026-05-28T01:18:42.755Z,"23090RA98G","15",464,12.18
2026-05-28T01:18:43.265Z,"23090RA98G","15",480,0.00
2026-05-28T01:18:43.788Z,"23090RA98G","15",484,12.08
2026-05-28T01:18:44.299Z,"23090RA98G","15",473,0.00
2026-05-28T01:18:44.791Z,"23090RA98G","15",457,12.04
2026-05-28T01:18:45.292Z,"23090RA98G","15",473,0.00
2026-05-28T01:18:45.800Z,"23090RA98G","15",476,12.11
2026-05-28T01:18:46.321Z,"23090RA98G","15",488,10.70
2026-05-28T01:18:46.825Z,"23090RA98G","15",475,12.11
2026-05-28T01:18:47.352Z,"23090RA98G","15",482,12.18
2026-05-28T01:18:47.836Z,"23090RA98G","15",456,0.00
2026-05-28T01:18:48.381Z,"23090RA98G","15",479,12.01
2026-05-28T01:18:48.868Z,"23090RA98G","15",458,0.00
2026-05-28T01:18:49.353Z,"23090RA98G","15",457,11.88
2026-05-28T01:18:49.844Z,"23090RA98G","15",461,0.00
2026-05-28T01:18:50.338Z,"23090RA98G","15",458,11.81
2026-05-28T01:18:50.863Z,"23090RA98G","15",473,11.78
2026-05-28T01:18:51.363Z,"23090RA98G","15",466,0.00
2026-05-28T01:18:51.948Z,"23090RA98G","15",497,12.05
2026-05-28T01:18:52.438Z,"23090RA98G","15",463,0.00
2026-05-28T01:18:52.976Z,"23090RA98G","15",471,12.08
2026-05-28T01:18:53.457Z,"23090RA98G","15",453,0.00
2026-05-28T01:18:53.931Z,"23090RA98G","15",446,11.75
2026-05-28T01:18:54.433Z,"23090RA98G","15",469,11.91
2026-05-28T01:18:54.944Z,"23090RA98G","15",480,0.00
2026-05-28T01:18:55.464Z,"23090RA98G","15",468,11.77
2026-05-28T01:18:55.953Z,"23090RA98G","15",446,0.00
2026-05-28T01:18:56.451Z,"23090RA98G","15",464,11.78
2026-05-28T01:18:56.708Z,"23090RA98G","15",232,0.00
2026-05-28T01:18:56.938Z,"23090RA98G","15",213,11.53
2026-05-28T01:18:57.164Z,"23090RA98G","15",208,0.00
2026-05-28T01:18:57.414Z,"23090RA98G","15",233,11.45
2026-05-28T01:18:57.646Z,"23090RA98G","15",215,0.00
2026-05-28T01:18:57.886Z,"23090RA98G","15",223,11.44
2026-05-28T01:18:58.145Z,"23090RA98G","15",232,0.00
2026-05-28T01:18:58.382Z,"23090RA98G","15",212,11.48
2026-05-28T01:18:58.614Z,"23090RA98G","15",212,0.00
2026-05-28T01:18:58.825Z,"23090RA98G","15",195,11.50
2026-05-28T01:18:59.041Z,"23090RA98G","15",201,0.00
2026-05-28T01:18:59.256Z,"23090RA98G","15",200,11.43
2026-05-28T01:18:59.485Z,"23090RA98G","15",215,0.00
2026-05-28T01:18:59.709Z,"23090RA98G","15",208,11.51
2026-05-28T01:18:59.934Z,"23090RA98G","15",205,0.00
2026-05-28T01:19:00.149Z,"23090RA98G","15",197,11.83
2026-05-28T01:19:00.381Z,"23090RA98G","15",215,0.00
2026-05-28T01:19:00.612Z,"23090RA98G","15",214,11.78
2026-05-28T01:19:00.860Z,"23090RA98G","15",233,0.00
2026-05-28T01:19:01.085Z,"23090RA98G","15",208,11.85
2026-05-28T01:19:01.300Z,"23090RA98G","15",200,0.00
2026-05-28T01:19:01.513Z,"23090RA98G","15",198,11.77
2026-05-28T01:19:01.741Z,"23090RA98G","15",210,0.00
2026-05-28T01:19:01.975Z,"23090RA98G","15",218,11.54
2026-05-28T01:19:02.271Z,"23090RA98G","15",256,0.00
2026-05-28T01:19:02.511Z,"23090RA98G","15",221,11.54
2026-05-28T01:19:02.737Z,"23090RA98G","15",205,0.00
2026-05-28T01:19:02.985Z,"23090RA98G","15",227,11.50
2026-05-28T01:19:03.208Z,"23090RA98G","15",203,0.00
2026-05-28T01:19:03.425Z,"23090RA98G","15",202,11.51
2026-05-28T01:19:03.669Z,"23090RA98G","15",228,0.00
2026-05-28T01:19:03.879Z,"23090RA98G","15",197,11.54
2026-05-28T01:19:04.121Z,"23090RA98G","15",228,0.00
2026-05-28T01:19:04.340Z,"23090RA98G","15",200,11.47
2026-05-28T01:19:04.579Z,"23090RA98G","15",223,0.00
2026-05-28T01:19:04.817Z,"23090RA98G","15",224,11.46
2026-05-28T01:19:05.048Z,"23090RA98G","15",214,0.00
2026-05-28T01:19:05.266Z,"23090RA98G","15",200,11.54
2026-05-28T01:19:05.511Z,"23090RA98G","15",228,0.00
2026-05-28T01:19:05.733Z,"23090RA98G","15",203,11.57
2026-05-28T01:19:05.955Z,"23090RA98G","15",208,0.00
2026-05-28T01:19:06.172Z,"23090RA98G","15",200,11.79
2026-05-28T01:19:06.399Z,"23090RA98G","15",211,0.00
2026-05-28T01:19:06.617Z,"23090RA98G","15",203,11.74
2026-05-28T01:19:06.840Z,"23090RA98G","15",208,0.00
2026-05-28T01:19:07.078Z,"23090RA98G","15",225,11.79
2026-05-28T01:19:07.297Z,"23090RA98G","15",209,0.00
2026-05-28T01:19:07.508Z,"23090RA98G","15",195,11.54
2026-05-28T01:19:07.757Z,"23090RA98G","15",229,0.00
2026-05-28T01:19:07.982Z,"23090RA98G","15",202,11.50
2026-05-28T01:19:08.222Z,"23090RA98G","15",220,0.00
2026-05-28T01:19:08.450Z,"23090RA98G","15",207,11.54
2026-05-28T01:19:08.680Z,"23090RA98G","15",213,0.00
2026-05-28T01:19:08.929Z,"23090RA98G","15",228,11.45
2026-05-28T01:19:09.166Z,"23090RA98G","15",215,0.00
2026-05-28T01:19:09.389Z,"23090RA98G","15",202,11.44
2026-05-28T01:19:09.626Z,"23090RA98G","15",220,0.00
2026-05-28T01:19:09.856Z,"23090RA98G","15",207,11.41
2026-05-28T01:19:10.106Z,"23090RA98G","15",229,0.00
2026-05-28T01:19:10.342Z,"23090RA98G","15",215,11.47
2026-05-28T01:19:10.615Z,"23090RA98G","15",253,0.00
2026-05-28T01:19:10.838Z,"23090RA98G","15",204,11.44
2026-05-28T01:19:11.079Z,"23090RA98G","15",220,0.00
2026-05-28T01:19:11.304Z,"23090RA98G","15",207,11.42
2026-05-28T01:19:11.536Z,"23090RA98G","15",212,0.00
2026-05-28T01:19:11.772Z,"23090RA98G","15",219,11.77
2026-05-28T01:19:12.013Z,"23090RA98G","15",220,0.00
2026-05-28T01:19:12.256Z,"23090RA98G","15",222,11.72
2026-05-28T01:19:12.489Z,"23090RA98G","15",212,0.00
2026-05-28T01:19:12.715Z,"23090RA98G","15",206,11.65
2026-05-28T01:19:12.950Z,"23090RA98G","15",211,0.00
2026-05-28T01:19:13.181Z,"23090RA98G","15",210,11.68
2026-05-28T01:19:13.430Z,"23090RA98G","15",229,0.00
2026-05-28T01:19:13.670Z,"23090RA98G","15",222,11.84
2026-05-28T01:19:13.925Z,"23090RA98G","15",235,0.00
2026-05-28T01:19:14.152Z,"23090RA98G","15",202,11.73
2026-05-28T01:19:14.392Z,"23090RA98G","15",218,0.00
2026-05-28T01:19:14.612Z,"23090RA98G","15",200,11.71
2026-05-28T01:19:14.837Z,"23090RA98G","15",204,0.00
2026-05-28T01:19:15.084Z,"23090RA98G","15",216,11.78
2026-05-28T01:19:15.328Z,"23090RA98G","15",222,0.00
2026-05-28T01:19:15.547Z,"23090RA98G","15",198,11.50
2026-05-28T01:19:15.775Z,"23090RA98G","15",205,0.00
2026-05-28T01:19:16.018Z,"23090RA98G","15",219,11.48
2026-05-28T01:19:16.264Z,"23090RA98G","15",225,11.67
2026-05-28T01:19:16.524Z,"23090RA98G","15",234,0.00
2026-05-28T01:19:16.789Z,"23090RA98G","15",243,0.10
2026-05-28T01:19:17.014Z,"23090RA98G","15",204,11.44
2026-05-28T01:19:17.257Z,"23090RA98G","15",221,0.00
2026-05-28T01:19:17.506Z,"23090RA98G","15",230,11.42
2026-05-28T01:19:17.750Z,"23090RA98G","15",222,0.00
2026-05-28T01:19:17.972Z,"23090RA98G","15",200,11.44
2026-05-28T01:19:18.211Z,"23090RA98G","15",218,0.00
2026-05-28T01:19:18.443Z,"23090RA98G","15",214,11.54
2026-05-28T01:19:18.684Z,"23090RA98G","15",215,0.00
2026-05-28T01:19:18.907Z,"23090RA98G","15",200,11.50
2026-05-28T01:19:19.147Z,"23090RA98G","15",222,0.00
2026-05-28T01:19:19.407Z,"23090RA98G","15",239,11.47
2026-05-28T01:19:19.648Z,"23090RA98G","15",223,0.00
2026-05-28T01:19:19.874Z,"23090RA98G","15",204,11.57
2026-05-28T01:19:20.114Z,"23090RA98G","15",218,0.00
2026-05-28T01:19:20.357Z,"23090RA98G","15",222,11.63
2026-05-28T01:19:20.606Z,"23090RA98G","15",227,0.00
2026-05-28T01:19:20.844Z,"23090RA98G","15",216,11.57
2026-05-28T01:19:21.082Z,"23090RA98G","15",216,0.00
2026-05-28T01:19:21.314Z,"23090RA98G","15",203,11.53
2026-05-28T01:19:21.552Z,"23090RA98G","15",218,0.00
2026-05-28T01:19:21.793Z,"23090RA98G","15",208,11.71
2026-05-28T01:19:22.033Z,"23090RA98G","15",221,0.00
2026-05-28T01:19:22.292Z,"23090RA98G","15",239,11.74
2026-05-28T01:19:22.534Z,"23090RA98G","15",221,0.00
2026-05-28T01:19:22.781Z,"23090RA98G","15",225,11.73
2026-05-28T01:19:23.018Z,"23090RA98G","15",214,0.00
2026-05-28T01:19:23.255Z,"23090RA98G","15",211,11.73
2026-05-28T01:19:23.485Z,"23090RA98G","15",209,0.00
2026-05-28T01:19:23.739Z,"23090RA98G","15",220,11.80
2026-05-28T01:19:23.981Z,"23090RA98G","15",223,0.00
2026-05-28T01:19:24.222Z,"23090RA98G","15",210,11.71
2026-05-28T01:19:24.477Z,"23090RA98G","15",234,0.00
2026-05-28T01:19:24.714Z,"23090RA98G","15",208,11.99
2026-05-28T01:19:24.951Z,"23090RA98G","15",215,0.00
2026-05-28T01:19:25.203Z,"23090RA98G","15",229,11.70
2026-05-28T01:19:25.439Z,"23090RA98G","15",213,0.00
2026-05-28T01:19:25.675Z,"23090RA98G","15",208,11.86
2026-05-28T01:19:25.918Z,"23090RA98G","15",223,0.00
2026-05-28T01:19:26.156Z,"23090RA98G","15",206,11.86
2026-05-28T01:19:26.413Z,"23090RA98G","15",236,0.00
2026-05-28T01:19:26.670Z,"23090RA98G","15",227,11.82
2026-05-28T01:19:26.895Z,"23090RA98G","15",206,0.00
2026-05-28T01:19:27.153Z,"23090RA98G","15",221,11.73
2026-05-28T01:19:27.402Z,"23090RA98G","15",226,0.00
2026-05-28T01:19:27.629Z,"23090RA98G","15",204,11.68
2026-05-28T01:19:27.873Z,"23090RA98G","15",221,0.00
2026-05-28T01:19:28.122Z,"23090RA98G","15",220,11.66
2026-05-28T01:19:28.360Z,"23090RA98G","15",213,0.00
2026-05-28T01:19:28.604Z,"23090RA98G","15",209,11.60
2026-05-28T01:19:28.840Z,"23090RA98G","15",212,0.00
2026-05-28T01:19:29.071Z,"23090RA98G","15",201,11.68
2026-05-28T01:19:29.313Z,"23090RA98G","15",217,0.00
2026-05-28T01:19:29.556Z,"23090RA98G","15",218,11.69
2026-05-28T01:19:29.799Z,"23090RA98G","15",223,0.00
2026-05-28T01:19:30.064Z,"23090RA98G","15",228,11.72
2026-05-28T01:19:30.315Z,"23090RA98G","15",229,0.00
2026-05-28T01:19:30.574Z,"23090RA98G","15",223,11.66
2026-05-28T01:19:30.822Z,"23090RA98G","15",223,0.00
2026-05-28T01:19:31.062Z,"23090RA98G","15",210,11.66
2026-05-28T01:19:31.296Z,"23090RA98G","15",211,0.00
2026-05-28T01:19:31.536Z,"23090RA98G","15",208,11.67
2026-05-28T01:19:31.767Z,"23090RA98G","15",207,0.00
2026-05-28T01:19:32.003Z,"23090RA98G","15",203,11.65
2026-05-28T01:19:32.245Z,"23090RA98G","15",217,0.00
2026-05-28T01:19:32.499Z,"23090RA98G","15",229,11.66
2026-05-28T01:19:32.744Z,"23090RA98G","15",221,0.00
2026-05-28T01:19:32.981Z,"23090RA98G","15",214,11.63
2026-05-28T01:19:33.241Z,"23090RA98G","15",233,0.00
2026-05-28T01:19:33.537Z,"23090RA98G","15",261,11.67
2026-05-28T01:19:33.914Z,"23090RA98G","15",335,0.00
2026-05-28T01:19:34.165Z,"23090RA98G","15",218,12.04
2026-05-28T01:19:34.446Z,"23090RA98G","15",253,0.00
2026-05-28T01:19:34.741Z,"23090RA98G","15",270,11.89
2026-05-28T01:19:35.043Z,"23090RA98G","15",256,0.00
2026-05-28T01:19:35.340Z,"23090RA98G","15",241,11.89
2026-05-28T01:19:35.592Z,"23090RA98G","15",230,0.00
2026-05-28T01:19:35.848Z,"23090RA98G","15",220,11.92
2026-05-28T01:19:36.115Z,"23090RA98G","15",244,0.00
2026-05-28T01:19:36.355Z,"23090RA98G","15",210,11.99
2026-05-28T01:19:36.602Z,"23090RA98G","15",222,0.00
2026-05-28T01:19:36.882Z,"23090RA98G","15",242,11.90
2026-05-28T01:19:37.124Z,"23090RA98G","15",217,0.00
2026-05-28T01:19:37.382Z,"23090RA98G","15",229,11.89
2026-05-28T01:19:37.627Z,"23090RA98G","15",219,0.00
2026-05-28T01:19:37.867Z,"23090RA98G","15",201,11.95
2026-05-28T01:19:38.122Z,"23090RA98G","15",231,0.00
2026-05-28T01:19:38.359Z,"23090RA98G","15",206,11.98
2026-05-28T01:19:38.594Z,"23090RA98G","15",211,0.00
2026-05-28T01:19:38.856Z,"23090RA98G","15",232,11.93
2026-05-28T01:19:39.199Z,"23090RA98G","15",307,0.00
2026-05-28T01:19:39.493Z,"23090RA98G","15",229,11.67
2026-05-28T01:19:39.744Z,"23090RA98G","15",226,0.00
2026-05-28T01:19:39.987Z,"23090RA98G","15",223,11.51
2026-05-28T01:19:40.268Z,"23090RA98G","15",248,0.00
2026-05-28T01:19:40.525Z,"23090RA98G","15",233,11.44
2026-05-28T01:19:40.794Z,"23090RA98G","15",252,0.00
2026-05-28T01:19:41.092Z,"23090RA98G","15",277,11.55
2026-05-28T01:19:41.412Z,"23090RA98G","15",288,0.00
2026-05-28T01:19:41.728Z,"23090RA98G","15",293,11.82
2026-05-28T01:19:42.047Z,"23090RA98G","15",292,0.00
2026-05-28T01:19:42.391Z,"23090RA98G","15",309,11.83
2026-05-28T01:19:42.711Z,"23090RA98G","15",293,0.00
2026-05-28T01:19:43.031Z,"23090RA98G","15",280,11.55
2026-05-28T01:19:43.390Z,"23090RA98G","15",339,0.00
2026-05-28T01:19:43.748Z,"23090RA98G","15",322,11.93
2026-05-28T01:19:44.088Z,"23090RA98G","15",319,0.00
2026-05-28T01:19:44.445Z,"23090RA98G","15",315,11.82
2026-05-28T01:19:44.832Z,"23090RA98G","15",361,0.00
2026-05-28T01:19:45.223Z,"23090RA98G","15",316,11.51
2026-05-28T01:19:45.553Z,"23090RA98G","15",305,0.00
2026-05-28T01:19:45.921Z,"23090RA98G","15",308,11.86
2026-05-28T01:19:46.259Z,"23090RA98G","15",319,0.00
2026-05-28T01:19:46.626Z,"23090RA98G","15",304,11.48
2026-05-28T01:19:46.954Z,"23090RA98G","15",303,0.00
2026-05-28T01:19:47.326Z,"23090RA98G","15",318,11.82
2026-05-28T01:19:47.739Z,"23090RA98G","15",392,0.00
2026-05-28T01:19:48.097Z,"23090RA98G","15",299,11.55
2026-05-28T01:19:48.399Z,"23090RA98G","15",283,0.00
2026-05-28T01:19:48.729Z,"23090RA98G","15",307,11.52
2026-05-28T01:19:49.095Z,"23090RA98G","15",335,0.00
2026-05-28T01:19:49.444Z,"23090RA98G","15",293,11.80
2026-05-28T01:19:49.760Z,"23090RA98G","15",287,0.00
2026-05-28T01:19:50.068Z,"23090RA98G","15",278,11.47
2026-05-28T01:19:50.394Z,"23090RA98G","15",308,0.00
2026-05-28T01:19:50.740Z,"23090RA98G","15",317,11.71
2026-05-28T01:19:51.092Z,"23090RA98G","15",330,0.00
2026-05-28T01:19:51.438Z,"23090RA98G","15",287,11.85
2026-05-28T01:19:51.766Z,"23090RA98G","15",311,0.00
2026-05-28T01:19:52.138Z,"23090RA98G","15",317,11.61
2026-05-28T01:19:52.502Z,"23090RA98G","15",346,0.00
2026-05-28T01:19:52.843Z,"23090RA98G","15",295,11.86
2026-05-28T01:19:53.165Z,"23090RA98G","15",295,11.57
2026-05-28T01:19:53.503Z,"23090RA98G","15",305,10.58
2026-05-28T01:19:53.847Z,"23090RA98G","15",324,0.00
2026-05-28T01:19:54.225Z,"23090RA98G","15",308,11.58
2026-05-28T01:19:54.531Z,"23090RA98G","15",288,11.77
2026-05-28T01:19:54.849Z,"23090RA98G","15",295,10.56
2026-05-28T01:19:55.174Z,"23090RA98G","15",302,11.51
2026-05-28T01:19:55.434Z,"23090RA98G","15",245,0.00
2026-05-28T01:19:55.724Z,"23090RA98G","15",272,11.54
2026-05-28T01:19:56.061Z,"23090RA98G","15",309,0.00
2026-05-28T01:19:56.431Z,"23090RA98G","15",330,11.82
2026-05-28T01:19:56.755Z,"23090RA98G","15",299,0.00
2026-05-28T01:19:57.061Z,"23090RA98G","15",283,11.81
2026-05-28T01:19:57.393Z,"23090RA98G","15",309,0.00
2026-05-28T01:19:57.724Z,"23090RA98G","15",312,11.48
2026-05-28T01:19:58.073Z,"23090RA98G","15",321,0.00
2026-05-28T01:19:58.385Z,"23090RA98G","15",292,11.74
2026-05-28T01:19:58.749Z,"23090RA98G","15",336,11.71
2026-05-28T01:19:59.083Z,"23090RA98G","15",305,11.71
2026-05-28T01:19:59.443Z,"23090RA98G","15",332,11.94
2026-05-28T01:19:59.785Z,"23090RA98G","15",310,11.54
2026-05-28T01:20:00.135Z,"23090RA98G","15",321,11.83
2026-05-28T01:20:00.469Z,"23090RA98G","15",313,11.75
2026-05-28T01:20:00.910Z,"23090RA98G","15",396,11.95
2026-05-28T01:20:01.240Z,"23090RA98G","15",303,11.45
2026-05-28T01:20:01.599Z,"23090RA98G","15",324,11.79
2026-05-28T01:20:01.933Z,"23090RA98G","15",301,11.78
2026-05-28T01:20:02.275Z,"23090RA98G","15",320,11.64
2026-05-28T01:20:02.624Z,"23090RA98G","15",324,11.68
2026-05-28T01:20:02.963Z,"23090RA98G","15",308,0.00
2026-05-28T01:20:03.287Z,"23090RA98G","15",298,0.00
2026-05-28T01:20:03.612Z,"23090RA98G","15",299,11.75
2026-05-28T01:20:03.938Z,"23090RA98G","15",303,0.00
2026-05-28T01:20:04.269Z,"23090RA98G","15",301,11.52
2026-05-28T01:20:04.611Z,"23090RA98G","15",307,0.00
2026-05-28T01:20:04.924Z,"23090RA98G","15",280,11.48
2026-05-28T01:20:05.243Z,"23090RA98G","15",286,0.00
2026-05-28T01:20:05.556Z,"23090RA98G","15",289,11.78
2026-05-28T01:20:05.885Z,"23090RA98G","15",304,0.00
2026-05-28T01:20:06.227Z,"23090RA98G","15",310,11.78
2026-05-28T01:20:06.534Z,"23090RA98G","15",282,0.00
2026-05-28T01:20:06.830Z,"23090RA98G","15",273,11.52
2026-05-28T01:20:07.155Z,"23090RA98G","15",303,0.00
2026-05-28T01:20:07.499Z,"23090RA98G","15",319,11.79
2026-05-28T01:20:07.857Z,"23090RA98G","15",333,0.00
2026-05-28T01:20:08.187Z,"23090RA98G","15",303,11.71
2026-05-28T01:20:08.518Z,"23090RA98G","15",297,0.00
2026-05-28T01:20:08.860Z,"23090RA98G","15",311,11.52
2026-05-28T01:20:09.234Z,"23090RA98G","15",334,0.00
2026-05-28T01:20:09.569Z,"23090RA98G","15",308,0.00
2026-05-28T01:20:09.876Z,"23090RA98G","15",286,11.49
2026-05-28T01:20:10.191Z,"23090RA98G","15",293,0.00
2026-05-28T01:20:10.514Z,"23090RA98G","15",293,11.68
2026-05-28T01:20:10.854Z,"23090RA98G","15",314,0.00
2026-05-28T01:20:11.187Z,"23090RA98G","15",310,11.82
2026-05-28T01:20:11.572Z,"23090RA98G","15",348,0.00
2026-05-28T01:20:11.912Z,"23090RA98G","15",310,11.58
2026-05-28T01:20:12.263Z,"23090RA98G","15",320,0.00
2026-05-28T01:20:12.572Z,"23090RA98G","15",278,11.71
2026-05-28T01:20:12.891Z,"23090RA98G","15",288,11.54
2026-05-28T01:20:13.247Z,"23090RA98G","15",311,11.96
2026-05-28T01:20:13.585Z,"23090RA98G","15",305,11.79
2026-05-28T01:20:13.938Z,"23090RA98G","15",306,11.71
2026-05-28T01:20:14.282Z,"23090RA98G","15",314,11.71
2026-05-28T01:20:14.633Z,"23090RA98G","15",309,10.78
2026-05-28T01:20:14.951Z,"23090RA98G","15",293,11.54
2026-05-28T01:20:15.282Z,"23090RA98G","15",301,0.00
2026-05-28T01:20:15.618Z,"23090RA98G","15",299,0.00
2026-05-28T01:20:15.944Z,"23090RA98G","15",304,11.52
2026-05-28T01:20:16.287Z,"23090RA98G","15",323,11.77
2026-05-28T01:20:16.645Z,"23090RA98G","15",336,11.79
2026-05-28T01:20:16.993Z,"23090RA98G","15",327,0.00
2026-05-28T01:20:17.342Z,"23090RA98G","15",322,0.00
2026-05-28T01:20:17.703Z,"23090RA98G","15",333,11.72
2026-05-28T01:20:18.039Z,"23090RA98G","15",309,0.00
2026-05-28T01:20:18.359Z,"23090RA98G","15",296,0.00
2026-05-28T01:20:18.703Z,"23090RA98G","15",321,11.80
2026-05-28T01:20:19.060Z,"23090RA98G","15",319,0.00
2026-05-28T01:20:19.420Z,"23090RA98G","15",327,11.59
2026-05-28T01:20:19.777Z,"23090RA98G","15",333,0.00
2026-05-28T01:20:20.094Z,"23090RA98G","15",296,11.68
2026-05-28T01:20:20.458Z,"23090RA98G","15",339,0.00
2026-05-28T01:20:20.775Z,"23090RA98G","15",294,11.71
2026-05-28T01:20:21.121Z,"23090RA98G","15",311,0.00
2026-05-28T01:20:21.478Z,"23090RA98G","15",330,11.68
2026-05-28T01:20:21.845Z,"23090RA98G","15",339,0.00
2026-05-28T01:20:22.270Z,"23090RA98G","15",337,11.88
2026-05-28T01:20:22.611Z,"23090RA98G","15",315,11.68
2026-05-28T01:20:23.032Z,"23090RA98G","15",344,11.78
2026-05-28T01:20:23.374Z,"23090RA98G","15",306,11.78
2026-05-28T01:20:23.754Z,"23090RA98G","15",344,11.87
2026-05-28T01:20:24.088Z,"23090RA98G","15",304,11.68
2026-05-28T01:20:24.491Z,"23090RA98G","15",348,12.01
2026-05-28T01:20:24.871Z,"23090RA98G","15",346,0.00
2026-05-28T01:20:25.268Z,"23090RA98G","15",327,11.94
2026-05-28T01:20:25.637Z,"23090RA98G","15",337,0.00
2026-05-28T01:20:25.969Z,"23090RA98G","15",303,11.70
2026-05-28T01:20:26.333Z,"23090RA98G","15",327,0.00
2026-05-28T01:20:26.670Z,"23090RA98G","15",306,11.86
2026-05-28T01:20:26.985Z,"23090RA98G","15",283,0.00
2026-05-28T01:20:27.333Z,"23090RA98G","15",319,11.93
2026-05-28T01:20:27.685Z,"23090RA98G","15",317,0.00
2026-05-28T01:20:28.030Z,"23090RA98G","15",311,11.71
2026-05-28T01:20:28.365Z,"23090RA98G","15",300,0.00
2026-05-28T01:20:28.706Z,"23090RA98G","15",308,11.94
2026-05-28T01:20:29.062Z,"23090RA98G","15",328,0.00
2026-05-28T01:20:29.416Z,"23090RA98G","15",317,0.00
2026-05-28T01:20:29.766Z,"23090RA98G","15",321,11.96
2026-05-28T01:20:30.128Z,"23090RA98G","15",324,0.00
2026-05-28T01:20:30.502Z,"23090RA98G","15",336,11.90
2026-05-28T01:20:30.838Z,"23090RA98G","15",301,0.00
2026-05-28T01:20:31.204Z,"23090RA98G","15",330,11.73
2026-05-28T01:20:31.557Z,"23090RA98G","15",315,0.00
2026-05-28T01:20:31.914Z,"23090RA98G","15",312,11.93
2026-05-28T01:20:32.265Z,"23090RA98G","15",313,0.00
2026-05-28T01:20:32.596Z,"23090RA98G","15",296,11.74
2026-05-28T01:20:32.930Z,"23090RA98G","15",306,0.00
2026-05-28T01:20:33.266Z,"23090RA98G","15",302,11.98
2026-05-28T01:20:33.634Z,"23090RA98G","15",338,0.00
2026-05-28T01:20:34.015Z,"23090RA98G","15",349,11.93
2026-05-28T01:20:34.364Z,"23090RA98G","15",312,0.00
2026-05-28T01:20:34.705Z,"23090RA98G","15",300,11.71
2026-05-28T01:20:35.067Z,"23090RA98G","15",325,0.00
2026-05-28T01:20:35.429Z,"23090RA98G","15",326,11.93
2026-05-28T01:20:35.770Z,"23090RA98G","15",306,0.00
2026-05-28T01:20:36.112Z,"23090RA98G","15",307,0.00
2026-05-28T01:20:36.458Z,"23090RA98G","15",316,11.99
2026-05-28T01:20:36.803Z,"23090RA98G","15",313,0.00
2026-05-28T01:20:37.147Z,"23090RA98G","15",307,11.67
2026-05-28T01:20:37.487Z,"23090RA98G","15",308,11.93
2026-05-28T01:20:37.874Z,"23090RA98G","15",353,0.00
2026-05-28T01:20:38.255Z,"23090RA98G","15",345,11.71
2026-05-28T01:20:38.604Z,"23090RA98G","15",314,0.00
2026-05-28T01:20:38.960Z,"23090RA98G","15",318,11.98
2026-05-28T01:20:39.314Z,"23090RA98G","15",318,11.90
2026-05-28T01:20:39.689Z,"23090RA98G","15",331,11.74
2026-05-28T01:20:40.040Z,"23090RA98G","15",319,11.96
2026-05-28T01:20:40.392Z,"23090RA98G","15",311,12.00
2026-05-28T01:20:40.744Z,"23090RA98G","15",315,11.77
2026-05-28T01:20:41.100Z,"23090RA98G","15",315,11.93
